{"Seed": 1, "Prop. class 1": 0.05, "Sel. bias": 0.95, "Method": "Self_Learning", "Test set": "future", "pr": 0.08279085294608579, "AUPRC": 0.3390793799014203, "p.50": 0.62, "p.100": 0.55, "Bias effect": 1.0884842710161868}