{"Seed": 15, "Prop. class 1": 0.05, "Sel. bias": 0, "Method": "Label_spreading", "Test set": "future", "pr": 0.0, "AUPRC": 0.28475740653240433, "p.50": 0.58, "p.100": 0.52, "Bias effect": 1.8156206054987447}