{"Seed": 44, "Prop. class 1": 0.05, "Sel. bias": 0.95, "Method": "traditional", "Test set": "future", "pr": 0.08028098344204716, "AUPRC": 0.271385614093543, "p.50": 0.54, "p.100": 0.51, "Bias effect": 1.2396640010045152}