{"Seed": 8, "Prop. class 1": 0.05, "Sel. bias": 0.5, "Method": "Label_spreading", "Test set": "future", "pr": 0.0925181013676589, "AUPRC": 0.2729673756773965, "p.50": 0.58, "p.100": 0.52, "Bias effect": 1.1198783187039567}