{"Seed": 10, "Prop. class 1": 0.5, "Sel. bias": 0, "Method": "Semi-supervised", "Test set": "future", "pr": 0.0, "AUPRC": 0.6898695455912233, "p.50": 0.86, "p.100": 0.82, "Bias effect": 0.7874867212049407}