{"Seed": 14, "Prop. class 1": 0.05, "Sel. bias": 0.95, "Method": "Semi-supervised", "Test set": "future", "pr": 0.5371900826446281, "AUPRC": 0.3658690919146971, "p.50": 0.68, "p.100": 0.59, "Bias effect": 0.8570507156769824}