{"Seed": 14, "Prop. class 1": 0.5, "Sel. bias": 0, "Method": "Label_spreading", "Test set": "future", "pr": 0.9267379679144385, "AUPRC": 0.8518103010719225, "p.50": 1.0, "p.100": 0.99, "Bias effect": 2.0784643342432645}