{"Seed": 14, "Prop. class 1": 0.05, "Sel. bias": 0.5, "Method": "Semi-supervised", "Test set": "future", "pr": 0.5714285714285714, "AUPRC": 0.2979792431392757, "p.50": 0.54, "p.100": 0.48, "Bias effect": 0.8326898316928445}