{"Seed": 43, "Prop. class 1": 0.5, "Sel. bias": 0.95, "Method": "Label_spreading", "Test set": "future", "pr": 0.5, "AUPRC": 0.7773593872208013, "p.50": 0.98, "p.100": 0.98, "Bias effect": 2.196513367255992}