{"Seed": 16, "Prop. class 1": 0.5, "Sel. bias": 0.95, "Method": "Label_Propagation", "Test set": "future", "pr": 0.5, "AUPRC": 0.7456830429524618, "p.50": 0.94, "p.100": 0.87, "Bias effect": 2.3295487801941865}