{"Seed": 1, "Prop. class 1": 0.5, "Sel. bias": 0.5, "Method": "Semi-supervised", "Test set": "future", "pr": 0.8238341968911918, "AUPRC": 0.608183699098282, "p.50": 0.86, "p.100": 0.85, "Bias effect": 2.110640656925772}