{"Seed": 8, "Prop. class 1": 0.5, "Sel. bias": 0.5, "Method": "Veenman", "Test set": "future", "pr": 0.821522309711286, "AUPRC": 0.6443267925998541, "p.50": 0.92, "p.100": 0.89, "Bias effect": 2.2500244899389115}