{"Seed": 8, "Prop. class 1": 0.5, "Sel. bias": 0.5, "Method": "traditional", "Test set": "future", "pr": 0.8122800156433321, "AUPRC": 0.7675099155038572, "p.50": 0.98, "p.100": 0.98, "Bias effect": 2.055986537199459}