{"Seed": 27, "Prop. class 1": 0.5, "Sel. bias": 0.5, "Method": "Self_Learning", "Test set": "future", "pr": 0.7680097680097681, "AUPRC": 0.732332254762682, "p.50": 0.92, "p.100": 0.94, "Bias effect": 1.9039925357476266}