{"Seed": 16, "Prop. class 1": 0.5, "Sel. bias": 0, "Method": "Label_spreading", "Test set": "future", "pr": 0.6693572951568687, "AUPRC": 0.8253983400938064, "p.50": 0.98, "p.100": 0.98, "Bias effect": 2.228566363009132}