{"Seed": 3, "Prop. class 1": 0.5, "Sel. bias": 0, "Method": "Label_Propagation", "Test set": "future", "pr": 0.5163925948908884, "AUPRC": 0.8635233773009132, "p.50": 1.0, "p.100": 1.0, "Bias effect": 1.8523841843357813}