{"Seed": 39, "Prop. class 1": 0.5, "Sel. bias": 0.5, "Method": "Self_Learning", "Test set": "future", "pr": 0.84, "AUPRC": 0.7651897719475681, "p.50": 0.98, "p.100": 0.96, "Bias effect": 2.1176454546990855}