{"Seed": 9, "Prop. class 1": 0.05, "Sel. bias": 0.95, "Method": "Semi-supervised", "Test set": "future", "pr": 0.631578947368421, "AUPRC": 0.39423475500007316, "p.50": 0.64, "p.100": 0.59, "Bias effect": 0.8472082344702494}