{"Seed": 7, "Prop. class 1": 0.5, "Sel. bias": 0.5, "Method": "Semi-supervised", "Test set": "future", "pr": 0.7854477611940298, "AUPRC": 0.6293229954776567, "p.50": 0.82, "p.100": 0.86, "Bias effect": 2.081587320917295}