{"Seed": 29, "Prop. class 1": 0.5, "Sel. bias": 0, "Method": "traditional", "Test set": "future", "pr": 0.7328600405679513, "AUPRC": 0.798672038242928, "p.50": 0.96, "p.100": 0.98, "Bias effect": 1.628981127758298}