{"Seed": 26, "Prop. class 1": 0.5, "Sel. bias": 0, "Method": "Self_Learning", "Test set": "future", "pr": 0.7118826827690317, "AUPRC": 0.7615298637957153, "p.50": 0.98, "p.100": 0.96, "Bias effect": 1.6703227042814268}