{"Seed": 31, "Prop. class 1": 0.5, "Sel. bias": 0.5, "Method": "Veenman", "Test set": "future", "pr": 0.8216374269005848, "AUPRC": 0.6321226200908011, "p.50": 0.96, "p.100": 0.87, "Bias effect": 2.1973884775712325}