{"Seed": 27, "Prop. class 1": 0.5, "Sel. bias": 0, "Method": "Label_spreading", "Test set": "future", "pr": 0.7261337568378331, "AUPRC": 0.851826171446098, "p.50": 1.0, "p.100": 0.99, "Bias effect": 2.0373700878304835}