{"Seed": 6, "Prop. class 1": 0.05, "Sel. bias": 0, "Method": "Self_Learning", "Test set": "future", "pr": 0.0, "AUPRC": 0.25027089147419024, "p.50": 0.48, "p.100": 0.42, "Bias effect": 0.9945379382684136}