{"Seed": 25, "Prop. class 1": 0.05, "Sel. bias": 0, "Method": "Self_Learning", "Test set": "future", "pr": 0.0, "AUPRC": 0.09986890761480456, "p.50": 0.18, "p.100": 0.23, "Bias effect": 1.26242933770499}