{"Seed": 29, "Prop. class 1": 0.5, "Sel. bias": 0, "Method": "Label_spreading", "Test set": "future", "pr": 0.7988571428571428, "AUPRC": 0.8006607275939318, "p.50": 0.92, "p.100": 0.93, "Bias effect": 1.5975442161994868}