{"Seed": 41, "Prop. class 1": 0.05, "Sel. bias": 0.5, "Method": "Veenman", "Test set": "future", "pr": 0.5846153846153846, "AUPRC": 0.31307311981766184, "p.50": 0.58, "p.100": 0.56, "Bias effect": 1.0483498529881727}