{"Seed": 27, "Prop. class 1": 0.05, "Sel. bias": 0.95, "Method": "Label_spreading", "Test set": "future", "pr": 0.0501, "AUPRC": 0.4246373485687486, "p.50": 0.74, "p.100": 0.69, "Bias effect": 1.201799079134556}