{"Seed": 42, "Prop. class 1": 0.5, "Sel. bias": 0.5, "Method": "Semi-supervised", "Test set": "future", "pr": 0.8115942028985508, "AUPRC": 0.6342565161299463, "p.50": 0.9, "p.100": 0.91, "Bias effect": 2.1507232188736243}