{"Seed": 10, "Prop. class 1": 0.5, "Sel. bias": 0.95, "Method": "Veenman", "Test set": "future", "pr": 0.8380634390651085, "AUPRC": 0.6313682341626847, "p.50": 0.94, "p.100": 0.9, "Bias effect": 1.905921959070033}