{"Seed": 30, "Prop. class 1": 0.5, "Sel. bias": 0.95, "Method": "Label_Propagation", "Test set": "future", "pr": 0.5, "AUPRC": 0.7410448776299772, "p.50": 0.94, "p.100": 0.93, "Bias effect": 2.3229642325639515}