{"Seed": 30, "Prop. class 1": 0.05, "Sel. bias": 0.5, "Method": "Veenman", "Test set": "future", "pr": 0.6, "AUPRC": 0.33636175204025015, "p.50": 0.6, "p.100": 0.58, "Bias effect": 0.8989347503219094}