{"Seed": 4, "Prop. class 1": 0.5, "Sel. bias": 0.5, "Method": "Label_Propagation", "Test set": "future", "pr": 0.0, "AUPRC": 0.7945183406224682, "p.50": 0.98, "p.100": 0.96, "Bias effect": 2.0064050006654526}