{"Seed": 32, "Prop. class 1": 0.5, "Sel. bias": 0, "Method": "traditional", "Test set": "future", "pr": 0.7337216559184523, "AUPRC": 0.8019555457536582, "p.50": 1.0, "p.100": 0.99, "Bias effect": 1.5334222891877314}