{"Seed": 30, "Prop. class 1": 0.05, "Sel. bias": 0.5, "Method": "traditional", "Test set": "future", "pr": 0.11619211964337073, "AUPRC": 0.24336323999671888, "p.50": 0.54, "p.100": 0.45, "Bias effect": 1.341099790329425}