{"Seed": 1, "Prop. class 1": 0.05, "Sel. bias": 0, "Method": "Self_Learning", "Test set": "future", "pr": 0.8333333333333334, "AUPRC": 0.3046924600982975, "p.50": 0.58, "p.100": 0.58, "Bias effect": 1.1829685694084668}