{"Seed": 41, "Prop. class 1": 0.5, "Sel. bias": 0, "Method": "Label_spreading", "Test set": "future", "pr": 0.6782963298595378, "AUPRC": 0.8563912548015363, "p.50": 1.0, "p.100": 1.0, "Bias effect": 2.1396916975971605}