{"Seed": 31, "Prop. class 1": 0.05, "Sel. bias": 0, "Method": "traditional", "Test set": "future", "pr": 0.6, "AUPRC": 0.20592284532569657, "p.50": 0.46, "p.100": 0.37, "Bias effect": 1.1491704611434586}