{"Seed": 25, "Prop. class 1": 0.05, "Sel. bias": 0.95, "Method": "traditional", "Test set": "future", "pr": 0.07203326897371157, "AUPRC": 0.18047112511601546, "p.50": 0.3, "p.100": 0.31, "Bias effect": 1.393367453086518}