{"Seed": 24, "Prop. class 1": 0.05, "Sel. bias": 0.95, "Method": "traditional", "Test set": "future", "pr": 0.07484756097560975, "AUPRC": 0.28004917059242795, "p.50": 0.46, "p.100": 0.44, "Bias effect": 0.9060645767222538}