{"Seed": 4, "Prop. class 1": 0.05, "Sel. bias": 0.5, "Method": "traditional", "Test set": "future", "pr": 0.10945558739255014, "AUPRC": 0.17120743852044276, "p.50": 0.36, "p.100": 0.34, "Bias effect": 1.3169567002529925}