{"Seed": 27, "Prop. class 1": 0.5, "Sel. bias": 0, "Method": "Veenman", "Test set": "future", "pr": 0.9174603174603174, "AUPRC": 0.7436190502263982, "p.50": 0.96, "p.100": 0.95, "Bias effect": 1.4086123225136984}