{"Seed": 4, "Prop. class 1": 0.5, "Sel. bias": 0, "Method": "Label_Propagation", "Test set": "future", "pr": 0.0, "AUPRC": 0.8376146164704104, "p.50": 1.0, "p.100": 0.99, "Bias effect": 2.0779689584171614}