{"Seed": 7, "Prop. class 1": 0.05, "Sel. bias": 0, "Method": "traditional", "Test set": "future", "pr": 0.4931506849315068, "AUPRC": 0.24802624905531442, "p.50": 0.62, "p.100": 0.43, "Bias effect": 1.3998600066032068}