{"Seed": 30, "Prop. class 1": 0.05, "Sel. bias": 0.95, "Method": "Self_Learning", "Test set": "future", "pr": 0.08386662175816774, "AUPRC": 0.37463533047482633, "p.50": 0.58, "p.100": 0.61, "Bias effect": 0.93467795286178}