{"Seed": 6, "Prop. class 1": 0.5, "Sel. bias": 0, "Method": "traditional", "Test set": "future", "pr": 0.6869941652550349, "AUPRC": 0.7716104266991031, "p.50": 1.0, "p.100": 0.98, "Bias effect": 1.688332064245862}