{"Seed": 5, "Prop. class 1": 0.05, "Sel. bias": 0.5, "Method": "Label_spreading", "Test set": "future", "pr": 0.11238670694864049, "AUPRC": 0.19287308580575693, "p.50": 0.48, "p.100": 0.36, "Bias effect": 1.4337432785914164}