{"Seed": 14, "Prop. class 1": 0.05, "Sel. bias": 0.5, "Method": "Self_Learning", "Test set": "future", "pr": 0.1242028545399332, "AUPRC": 0.2515716037428717, "p.50": 0.5, "p.100": 0.45, "Bias effect": 1.0062074233999625}