{"Seed": 17, "Prop. class 1": 0.5, "Sel. bias": 0, "Method": "Semi-supervised", "Test set": "future", "pr": 0.7727603787327021, "AUPRC": 0.6835843475733285, "p.50": 0.84, "p.100": 0.84, "Bias effect": 1.2653462010737353}