{"Seed": 39, "Prop. class 1": 0.05, "Sel. bias": 0.95, "Method": "Self_Learning", "Test set": "future", "pr": 0.07297976067365933, "AUPRC": 0.3398170380659602, "p.50": 0.7, "p.100": 0.63, "Bias effect": 0.8967796659570512}