{"Seed": 34, "Prop. class 1": 0.05, "Sel. bias": 0, "Method": "traditional", "Test set": "future", "pr": 0.5555555555555556, "AUPRC": 0.24917845306826142, "p.50": 0.54, "p.100": 0.49, "Bias effect": 1.1539046209916073}