{"Seed": 9, "Prop. class 1": 0.05, "Sel. bias": 0.5, "Method": "traditional", "Test set": "future", "pr": 0.1402504472271914, "AUPRC": 0.226308128670481, "p.50": 0.4, "p.100": 0.36, "Bias effect": 0.8475700838701187}