{"Seed": 6, "Prop. class 1": 0.05, "Sel. bias": 0, "Method": "Label_Propagation", "Test set": "future", "pr": 0.0, "AUPRC": 0.21931982567470037, "p.50": 0.36, "p.100": 0.41, "Bias effect": 1.2171317542781603}