{"Seed": 12, "Prop. class 1": 0.05, "Sel. bias": 0.5, "Method": "Self_Learning", "Test set": "future", "pr": 0.4036144578313253, "AUPRC": 0.30574026441068397, "p.50": 0.72, "p.100": 0.45, "Bias effect": 0.9182108708468166}