{"Seed": 38, "Prop. class 1": 0.5, "Sel. bias": 0.95, "Method": "traditional", "Test set": "future", "pr": 0.6965458178703968, "AUPRC": 0.6977512771764446, "p.50": 0.96, "p.100": 0.94, "Bias effect": 1.7026392412507187}