{"Seed": 38, "Prop. class 1": 0.5, "Sel. bias": 0.95, "Method": "Self_Learning", "Test set": "future", "pr": 0.6535589845694375, "AUPRC": 0.6806962193135966, "p.50": 0.8, "p.100": 0.81, "Bias effect": 1.5512864209397839}