{"Seed": 41, "Prop. class 1": 0.5, "Sel. bias": 0.5, "Method": "traditional", "Test set": "future", "pr": 0.7876461988304093, "AUPRC": 0.7636065559989664, "p.50": 0.98, "p.100": 0.98, "Bias effect": 2.066246048566214}