{"Seed": 39, "Prop. class 1": 0.5, "Sel. bias": 0, "Method": "Label_spreading", "Test set": "future", "pr": 0.7511331750485647, "AUPRC": 0.8033471565300937, "p.50": 0.92, "p.100": 0.93, "Bias effect": 1.6822445966604525}