{"Seed": 35, "Prop. class 1": 0.5, "Sel. bias": 0.95, "Method": "Semi-supervised", "Test set": "future", "pr": 0.8178391959798995, "AUPRC": 0.6441651540877995, "p.50": 0.84, "p.100": 0.87, "Bias effect": 1.9386793096379482}