{"Seed": 10, "Prop. class 1": 0.05, "Sel. bias": 0.95, "Method": "Label_Propagation", "Test set": "future", "pr": 0.05, "AUPRC": 0.48460420398994697, "p.50": 0.86, "p.100": 0.75, "Bias effect": 1.0753844459016326}