{"Seed": 0, "Prop. class 1": 0.05, "Sel. bias": 0.5, "Method": "Label_spreading", "Test set": "future", "pr": 0.05315257155153863, "AUPRC": 0.1919338467410142, "p.50": 0.44, "p.100": 0.39, "Bias effect": 1.8620464574819935}