{"Seed": 33, "Prop. class 1": 0.5, "Sel. bias": 0.95, "Method": "Label_spreading", "Test set": "future", "pr": 0.5, "AUPRC": 0.738322378323268, "p.50": 0.94, "p.100": 0.93, "Bias effect": 2.4001745140936492}