{"Seed": 2, "Prop. class 1": 0.05, "Sel. bias": 0.5, "Method": "Label_spreading", "Test set": "future", "pr": 0.05916597362480694, "AUPRC": 0.28661778868244625, "p.50": 0.58, "p.100": 0.5, "Bias effect": 1.6505391260894502}