{"Seed": 30, "Prop. class 1": 0.5, "Sel. bias": 0, "Method": "Veenman", "Test set": "future", "pr": 1.0, "AUPRC": 0.7555093566981221, "p.50": 0.94, "p.100": 0.92, "Bias effect": 1.2669509504693925}