{"Seed": 22, "Prop. class 1": 0.5, "Sel. bias": 0.95, "Method": "Veenman", "Test set": "future", "pr": 0.8071625344352618, "AUPRC": 0.645801786024002, "p.50": 1.0, "p.100": 0.98, "Bias effect": 1.9431022264616704}