{"Seed": 32, "Prop. class 1": 0.5, "Sel. bias": 0, "Method": "Self_Learning", "Test set": "future", "pr": 0.7285223367697594, "AUPRC": 0.7938782998901898, "p.50": 1.0, "p.100": 0.99, "Bias effect": 1.6293770216363859}