{"Seed": 38, "Prop. class 1": 0.05, "Sel. bias": 0.5, "Method": "Veenman", "Test set": "future", "pr": 0.8055555555555556, "AUPRC": 0.363067055724788, "p.50": 0.8, "p.100": 0.69, "Bias effect": 1.026374996891515}