{"Seed": 4, "Prop. class 1": 0.5, "Sel. bias": 0.95, "Method": "traditional", "Test set": "future", "pr": 0.6944524288588675, "AUPRC": 0.7018399660878176, "p.50": 0.98, "p.100": 0.96, "Bias effect": 1.6149912765055303}