{"Seed": 10, "Prop. class 1": 0.05, "Sel. bias": 0.95, "Method": "Label_spreading", "Test set": "future", "pr": 0.05, "AUPRC": 0.47434821225747986, "p.50": 0.84, "p.100": 0.74, "Bias effect": 1.1336947954262104}