{"Seed": 25, "Prop. class 1": 0.05, "Sel. bias": 0.95, "Method": "Veenman", "Test set": "future", "pr": 0.40350877192982454, "AUPRC": 0.28925009196575013, "p.50": 0.48, "p.100": 0.47, "Bias effect": 1.012714850597552}