{"Seed": 38, "Prop. class 1": 0.5, "Sel. bias": 0.5, "Method": "Self_Learning", "Test set": "future", "pr": 0.7897503285151117, "AUPRC": 0.7742750689224187, "p.50": 0.98, "p.100": 0.98, "Bias effect": 1.9172866188776194}