{"Seed": 43, "Prop. class 1": 0.5, "Sel. bias": 0.5, "Method": "Self_Learning", "Test set": "future", "pr": 0.747468147664162, "AUPRC": 0.7307098431309429, "p.50": 1.0, "p.100": 0.97, "Bias effect": 1.898346589674039}