{"Seed": 33, "Prop. class 1": 0.05, "Sel. bias": 0.5, "Method": "Self_Learning", "Test set": "future", "pr": 0.13056379821958458, "AUPRC": 0.2936513527333156, "p.50": 0.5, "p.100": 0.49, "Bias effect": 0.8176707577797304}