{"Seed": 39, "Prop. class 1": 0.05, "Sel. bias": 0, "Method": "Label_spreading", "Test set": "future", "pr": 0.0, "AUPRC": 0.34290386974799714, "p.50": 0.58, "p.100": 0.61, "Bias effect": 1.4024940496543719}