{"Seed": 6, "Prop. class 1": 0.5, "Sel. bias": 0, "Method": "Semi-supervised", "Test set": "future", "pr": 0.773061224489796, "AUPRC": 0.7425954108395614, "p.50": 0.96, "p.100": 0.95, "Bias effect": 1.8661299577396677}