{"Seed": 18, "Prop. class 1": 0.05, "Sel. bias": 0.95, "Method": "Semi-supervised", "Test set": "future", "pr": 0.6551724137931034, "AUPRC": 0.3846351284710832, "p.50": 0.68, "p.100": 0.61, "Bias effect": 0.9709981086896731}