{"Seed": 2, "Prop. class 1": 0.05, "Sel. bias": 0.5, "Method": "traditional", "Test set": "future", "pr": 0.11386861313868613, "AUPRC": 0.2009749805504904, "p.50": 0.46, "p.100": 0.43, "Bias effect": 1.0469534862756178}