{"Seed": 41, "Prop. class 1": 0.05, "Sel. bias": 0.5, "Method": "traditional", "Test set": "future", "pr": 0.11469036378783672, "AUPRC": 0.2490410998938886, "p.50": 0.56, "p.100": 0.43, "Bias effect": 1.2385218087159822}