{"Seed": 16, "Prop. class 1": 0.05, "Sel. bias": 0.5, "Method": "Semi-supervised", "Test set": "future", "pr": 0.5255474452554745, "AUPRC": 0.3119824672470505, "p.50": 0.62, "p.100": 0.52, "Bias effect": 0.8814503357929081}