{"Seed": 32, "Prop. class 1": 0.5, "Sel. bias": 0, "Method": "Veenman", "Test set": "future", "pr": 1.0, "AUPRC": 0.7382382268472698, "p.50": 0.96, "p.100": 0.93, "Bias effect": 1.0773817855481698}