{"Seed": 5, "Prop. class 1": 0.05, "Sel. bias": 0, "Method": "Self_Learning", "Test set": "future", "pr": 0.25, "AUPRC": 0.18731204915522148, "p.50": 0.4, "p.100": 0.35, "Bias effect": 1.395351782467176}