{"Seed": 1, "Prop. class 1": 0.05, "Sel. bias": 0.5, "Method": "Veenman", "Test set": "future", "pr": 0.5555555555555556, "AUPRC": 0.3268374707420429, "p.50": 0.58, "p.100": 0.56, "Bias effect": 0.85940404981659}