{"Seed": 33, "Prop. class 1": 0.05, "Sel. bias": 0.95, "Method": "Label_spreading", "Test set": "future", "pr": 0.0505, "AUPRC": 0.466625828765764, "p.50": 0.8, "p.100": 0.77, "Bias effect": 1.247949860068686}