{"Seed": 2, "Prop. class 1": 0.05, "Sel. bias": 0, "Method": "traditional", "Test set": "future", "pr": 0.4918032786885246, "AUPRC": 0.25538158037359626, "p.50": 0.54, "p.100": 0.46, "Bias effect": 1.1108701826510936}