{"Seed": 20, "Prop. class 1": 0.5, "Sel. bias": 0.95, "Method": "Veenman", "Test set": "future", "pr": 0.7726675427069645, "AUPRC": 0.6586988160117702, "p.50": 0.86, "p.100": 0.9, "Bias effect": 1.9826906264378021}