{"Seed": 34, "Prop. class 1": 0.5, "Sel. bias": 0, "Method": "Label_spreading", "Test set": "future", "pr": 0.7163921869015702, "AUPRC": 0.8031944507960413, "p.50": 0.98, "p.100": 0.97, "Bias effect": 1.7112177465008764}