{"Seed": 4, "Prop. class 1": 0.5, "Sel. bias": 0.95, "Method": "Veenman", "Test set": "future", "pr": 0.8738461538461538, "AUPRC": 0.6838860341775909, "p.50": 0.9, "p.100": 0.92, "Bias effect": 1.9085750307136713}