{"Seed": 27, "Prop. class 1": 0.05, "Sel. bias": 0.5, "Method": "Self_Learning", "Test set": "future", "pr": 0.22586206896551725, "AUPRC": 0.26558460974776643, "p.50": 0.56, "p.100": 0.48, "Bias effect": 1.1241178302030386}