{"Seed": 41, "Prop. class 1": 0.05, "Sel. bias": 0, "Method": "Label_spreading", "Test set": "future", "pr": 0.0, "AUPRC": 0.3785289699577594, "p.50": 0.76, "p.100": 0.65, "Bias effect": 1.5353381406533728}