{"Seed": 41, "Prop. class 1": 0.5, "Sel. bias": 0, "Method": "Self_Learning", "Test set": "future", "pr": 0.7328610127109815, "AUPRC": 0.8055781912831563, "p.50": 1.0, "p.100": 0.99, "Bias effect": 1.6530397131130097}