{"Seed": 7, "Prop. class 1": 0.5, "Sel. bias": 0.95, "Method": "Label_Propagation", "Test set": "future", "pr": 0.5, "AUPRC": 0.7139760769042229, "p.50": 1.0, "p.100": 0.92, "Bias effect": 2.3502657320964166}