{"Seed": 17, "Prop. class 1": 0.5, "Sel. bias": 0.5, "Method": "Label_Propagation", "Test set": "future", "pr": 1.0, "AUPRC": 0.8455241362287874, "p.50": 1.0, "p.100": 1.0, "Bias effect": 2.1693622777487533}