{"Seed": 25, "Prop. class 1": 0.05, "Sel. bias": 0.5, "Method": "traditional", "Test set": "future", "pr": 0.10831721470019343, "AUPRC": 0.1782902606017073, "p.50": 0.36, "p.100": 0.29, "Bias effect": 1.1873584016832581}