{"Seed": 35, "Prop. class 1": 0.05, "Sel. bias": 0, "Method": "Semi-supervised", "Test set": "future", "pr": 0.3142857142857143, "AUPRC": 0.17095810594496774, "p.50": 0.38, "p.100": 0.29, "Bias effect": 1.102301009209158}