{"Seed": 2, "Prop. class 1": 0.05, "Sel. bias": 0.95, "Method": "Label_spreading", "Test set": "future", "pr": 0.05, "AUPRC": 0.36153299276286055, "p.50": 0.66, "p.100": 0.62, "Bias effect": 1.3521991206784982}