{"Seed": 21, "Prop. class 1": 0.05, "Sel. bias": 0.5, "Method": "Veenman", "Test set": "future", "pr": 0.42657342657342656, "AUPRC": 0.2648742731941516, "p.50": 0.44, "p.100": 0.45, "Bias effect": 1.1185149835685744}