{"Seed": 17, "Prop. class 1": 0.05, "Sel. bias": 0, "Method": "Label_Propagation", "Test set": "future", "pr": 0.0, "AUPRC": 0.43210149586938984, "p.50": 0.78, "p.100": 0.69, "Bias effect": 1.2602756372334771}