{"Seed": 25, "Prop. class 1": 0.5, "Sel. bias": 0.5, "Method": "traditional", "Test set": "future", "pr": 0.7677803506450546, "AUPRC": 0.7515079761473462, "p.50": 1.0, "p.100": 0.99, "Bias effect": 1.8910894557833857}