{"Seed": 12, "Prop. class 1": 0.05, "Sel. bias": 0.95, "Method": "Label_Propagation", "Test set": "future", "pr": 0.05, "AUPRC": 0.45760172782658565, "p.50": 0.72, "p.100": 0.74, "Bias effect": 1.1737296825221555}