{"Seed": 44, "Prop. class 1": 0.05, "Sel. bias": 0.5, "Method": "traditional", "Test set": "future", "pr": 0.11324965132496513, "AUPRC": 0.2486864059938753, "p.50": 0.52, "p.100": 0.49, "Bias effect": 1.069348198261839}