{"Seed": 1, "Prop. class 1": 0.05, "Sel. bias": 0, "Method": "traditional", "Test set": "future", "pr": 0.6049382716049383, "AUPRC": 0.3007103602274281, "p.50": 0.62, "p.100": 0.54, "Bias effect": 1.1546353128088105}