{"Seed": 39, "Prop. class 1": 0.05, "Sel. bias": 0.5, "Method": "Semi-supervised", "Test set": "future", "pr": 0.5241935483870968, "AUPRC": 0.3159595703935713, "p.50": 0.68, "p.100": 0.56, "Bias effect": 1.0052030322296115}