{"Seed": 18, "Prop. class 1": 0.5, "Sel. bias": 0, "Method": "Semi-supervised", "Test set": "future", "pr": 0.757396449704142, "AUPRC": 0.7367913246217748, "p.50": 0.96, "p.100": 0.96, "Bias effect": 1.6258162389428974}