{"Seed": 39, "Prop. class 1": 0.5, "Sel. bias": 0, "Method": "traditional", "Test set": "future", "pr": 0.7235591506572295, "AUPRC": 0.7938877870582288, "p.50": 0.96, "p.100": 0.97, "Bias effect": 1.7011608305505668}