{"Seed": 29, "Prop. class 1": 0.05, "Sel. bias": 0.95, "Method": "Semi-supervised", "Test set": "future", "pr": 0.5, "AUPRC": 0.3639607117148305, "p.50": 0.58, "p.100": 0.53, "Bias effect": 0.8471929528496119}