{"Seed": 41, "Prop. class 1": 0.05, "Sel. bias": 0, "Method": "Self_Learning", "Test set": "future", "pr": 0.0, "AUPRC": 0.26682872858620765, "p.50": 0.54, "p.100": 0.47, "Bias effect": 1.0078057942214595}