{"Seed": 7, "Prop. class 1": 0.5, "Sel. bias": 0, "Method": "Self_Learning", "Test set": "future", "pr": 0.745048988951428, "AUPRC": 0.8090382040511291, "p.50": 0.98, "p.100": 0.98, "Bias effect": 1.8965724983410481}