{"Seed": 24, "Prop. class 1": 0.05, "Sel. bias": 0.95, "Method": "Veenman", "Test set": "future", "pr": 0.4606741573033708, "AUPRC": 0.31604266648406604, "p.50": 0.46, "p.100": 0.52, "Bias effect": 0.9155785706324963}