{"Seed": 14, "Prop. class 1": 0.5, "Sel. bias": 0.95, "Method": "Semi-supervised", "Test set": "future", "pr": 0.8059299191374663, "AUPRC": 0.6464113828175616, "p.50": 0.94, "p.100": 0.95, "Bias effect": 1.9038995891286465}