{"Seed": 8, "Prop. class 1": 0.5, "Sel. bias": 0.95, "Method": "Veenman", "Test set": "future", "pr": 0.7893432465923172, "AUPRC": 0.657191598391367, "p.50": 0.94, "p.100": 0.92, "Bias effect": 2.034430622890719}