{"Seed": 30, "Prop. class 1": 0.5, "Sel. bias": 0.95, "Method": "Label_spreading", "Test set": "future", "pr": 0.5, "AUPRC": 0.7622561453843529, "p.50": 0.96, "p.100": 0.95, "Bias effect": 2.272983228543381}