{"Seed": 31, "Prop. class 1": 0.5, "Sel. bias": 0.5, "Method": "traditional", "Test set": "future", "pr": 0.8042905532555513, "AUPRC": 0.7713272154438294, "p.50": 0.98, "p.100": 0.98, "Bias effect": 1.64841055454705}