{"Seed": 32, "Prop. class 1": 0.5, "Sel. bias": 0.95, "Method": "Self_Learning", "Test set": "future", "pr": 0.6778052805280528, "AUPRC": 0.7254441763833435, "p.50": 0.96, "p.100": 0.95, "Bias effect": 1.8408353986315473}