{"Seed": 17, "Prop. class 1": 0.5, "Sel. bias": 0, "Method": "Label_Propagation", "Test set": "future", "pr": 0.8440523619806488, "AUPRC": 0.8524225758076347, "p.50": 1.0, "p.100": 1.0, "Bias effect": 2.1106624417439144}