{"Seed": 13, "Prop. class 1": 0.5, "Sel. bias": 0.5, "Method": "Self_Learning", "Test set": "future", "pr": 0.8430085815244825, "AUPRC": 0.7662383520106768, "p.50": 0.96, "p.100": 0.95, "Bias effect": 2.1349896603138}