{"Seed": 12, "Prop. class 1": 0.5, "Sel. bias": 0.5, "Method": "Semi-supervised", "Test set": "future", "pr": 0.843520782396088, "AUPRC": 0.633128617666638, "p.50": 0.9, "p.100": 0.89, "Bias effect": 2.1270040718227805}