{"Seed": 35, "Prop. class 1": 0.5, "Sel. bias": 0, "Method": "Label_spreading", "Test set": "future", "pr": 0.7086350974930362, "AUPRC": 0.7967182004348288, "p.50": 0.94, "p.100": 0.96, "Bias effect": 1.6192373408144982}