{"Seed": 31, "Prop. class 1": 0.05, "Sel. bias": 0.95, "Method": "Label_spreading", "Test set": "future", "pr": 0.05, "AUPRC": 0.41563821117724253, "p.50": 0.7, "p.100": 0.7, "Bias effect": 1.1853901457736062}