{"Seed": 35, "Prop. class 1": 0.05, "Sel. bias": 0.5, "Method": "traditional", "Test set": "future", "pr": 0.11680745703466355, "AUPRC": 0.23261872956614302, "p.50": 0.44, "p.100": 0.37, "Bias effect": 0.8211843660082763}