{"Seed": 6, "Prop. class 1": 0.05, "Sel. bias": 0, "Method": "traditional", "Test set": "future", "pr": 0.5, "AUPRC": 0.23875430871120296, "p.50": 0.48, "p.100": 0.47, "Bias effect": 1.11013662487354}