{"Seed": 12, "Prop. class 1": 0.05, "Sel. bias": 0.95, "Method": "traditional", "Test set": "future", "pr": 0.06579813133307014, "AUPRC": 0.3467644920118288, "p.50": 0.54, "p.100": 0.55, "Bias effect": 0.8795939590590562}