{"Seed": 36, "Prop. class 1": 0.05, "Sel. bias": 0.5, "Method": "traditional", "Test set": "future", "pr": 0.11892052194543298, "AUPRC": 0.22734401837311038, "p.50": 0.44, "p.100": 0.38, "Bias effect": 0.8988637961718113}