{"Seed": 3, "Prop. class 1": 0.5, "Sel. bias": 0.95, "Method": "traditional", "Test set": "future", "pr": 0.703281027104137, "AUPRC": 0.710456286886126, "p.50": 0.92, "p.100": 0.93, "Bias effect": 1.6512948673696868}