{"Seed": 3, "Prop. class 1": 0.05, "Sel. bias": 0.95, "Method": "Label_Propagation", "Test set": "future", "pr": 0.0499, "AUPRC": 0.5144725286024237, "p.50": 0.94, "p.100": 0.76, "Bias effect": 1.075388476200783}