{"Seed": 2, "Prop. class 1": 0.05, "Sel. bias": 0.5, "Method": "Semi-supervised", "Test set": "future", "pr": 0.5172413793103449, "AUPRC": 0.292947291390927, "p.50": 0.56, "p.100": 0.58, "Bias effect": 1.1983525607646106}