{"Seed": 25, "Prop. class 1": 0.05, "Sel. bias": 0, "Method": "Semi-supervised", "Test set": "future", "pr": 0.1712707182320442, "AUPRC": 0.10985187716108466, "p.50": 0.2, "p.100": 0.16, "Bias effect": 1.9087729063999446}