{"Seed": 0, "Prop. class 1": 0.5, "Sel. bias": 0, "Method": "Semi-supervised", "Test set": "future", "pr": 0.6832196452933151, "AUPRC": 0.6932034286822241, "p.50": 0.92, "p.100": 0.88, "Bias effect": 1.7672148295650025}