{"Seed": 34, "Prop. class 1": 0.05, "Sel. bias": 0.5, "Method": "traditional", "Test set": "future", "pr": 0.12974789915966387, "AUPRC": 0.2404943310224202, "p.50": 0.48, "p.100": 0.41, "Bias effect": 0.8649988071544348}