{"Seed": 9, "Prop. class 1": 0.05, "Sel. bias": 0.95, "Method": "Label_spreading", "Test set": "future", "pr": 0.05, "AUPRC": 0.44371220309793197, "p.50": 0.82, "p.100": 0.68, "Bias effect": 1.2955543075012856}