{"Seed": 40, "Prop. class 1": 0.5, "Sel. bias": 0, "Method": "Self_Learning", "Test set": "future", "pr": 0.7328053355564819, "AUPRC": 0.7978407087108124, "p.50": 1.0, "p.100": 0.99, "Bias effect": 1.781962276346926}