{"Seed": 18, "Prop. class 1": 0.05, "Sel. bias": 0.5, "Method": "Veenman", "Test set": "future", "pr": 0.6666666666666666, "AUPRC": 0.3378715307920819, "p.50": 0.5, "p.100": 0.52, "Bias effect": 0.9877459258019389}