{"Seed": 12, "Prop. class 1": 0.5, "Sel. bias": 0.5, "Method": "Label_Propagation", "Test set": "future", "pr": 0.0, "AUPRC": 0.8184467941149798, "p.50": 0.98, "p.100": 0.96, "Bias effect": 2.222183935567517}