{"Seed": 1, "Prop. class 1": 0.5, "Sel. bias": 0.95, "Method": "Veenman", "Test set": "future", "pr": 0.7973137973137974, "AUPRC": 0.6845753798606885, "p.50": 0.92, "p.100": 0.92, "Bias effect": 2.1139459832163303}