{"Seed": 44, "Prop. class 1": 0.05, "Sel. bias": 0, "Method": "Veenman", "Test set": "future", "pr": 0.5833333333333334, "AUPRC": 0.17302874994424478, "p.50": 0.46, "p.100": 0.4, "Bias effect": 1.2333360344542024}