{"Seed": 16, "Prop. class 1": 0.5, "Sel. bias": 0, "Method": "Semi-supervised", "Test set": "future", "pr": 0.9384615384615385, "AUPRC": 0.7191629931523195, "p.50": 0.96, "p.100": 0.97, "Bias effect": 1.3621449894853295}