{"Seed": 24, "Prop. class 1": 0.5, "Sel. bias": 0.5, "Method": "Veenman", "Test set": "future", "pr": 0.8397790055248618, "AUPRC": 0.6356218783138277, "p.50": 0.84, "p.100": 0.88, "Bias effect": 2.1404709393765975}