{"Seed": 0, "Prop. class 1": 0.5, "Sel. bias": 0, "Method": "Veenman", "Test set": "future", "pr": 0.7565353101833788, "AUPRC": 0.7160061007628886, "p.50": 0.94, "p.100": 0.89, "Bias effect": 1.8086511189017556}