{"Seed": 42, "Prop. class 1": 0.5, "Sel. bias": 0, "Method": "Veenman", "Test set": "future", "pr": 0.9302325581395349, "AUPRC": 0.7273442363048604, "p.50": 0.9, "p.100": 0.94, "Bias effect": 1.2467651823211632}