{"Seed": 43, "Prop. class 1": 0.05, "Sel. bias": 0.5, "Method": "Veenman", "Test set": "future", "pr": 0.6461538461538462, "AUPRC": 0.3076274453581559, "p.50": 0.68, "p.100": 0.56, "Bias effect": 0.9294284718571814}