{"Seed": 5, "Prop. class 1": 0.5, "Sel. bias": 0.5, "Method": "Label_Propagation", "Test set": "future", "pr": 0.0, "AUPRC": 0.7785450658316411, "p.50": 1.0, "p.100": 0.98, "Bias effect": 2.0765833120202233}