{"Seed": 39, "Prop. class 1": 0.5, "Sel. bias": 0.95, "Method": "Veenman", "Test set": "future", "pr": 0.8619329388560157, "AUPRC": 0.6173046061329406, "p.50": 0.9, "p.100": 0.92, "Bias effect": 1.743545651808002}