{"Seed": 23, "Prop. class 1": 0.5, "Sel. bias": 0.95, "Method": "Veenman", "Test set": "future", "pr": 0.8050847457627118, "AUPRC": 0.6559899906264308, "p.50": 0.96, "p.100": 0.94, "Bias effect": 1.955719768440064}