{"Seed": 41, "Prop. class 1": 0.05, "Sel. bias": 0, "Method": "Label_Propagation", "Test set": "future", "pr": 0.0, "AUPRC": 0.3710645448936441, "p.50": 0.7, "p.100": 0.65, "Bias effect": 1.4787002644895288}