{"Seed": 14, "Prop. class 1": 0.05, "Sel. bias": 0.5, "Method": "Label_Propagation", "Test set": "future", "pr": 0.05028837397551351, "AUPRC": 0.3979186343236995, "p.50": 0.78, "p.100": 0.71, "Bias effect": 1.218895953594754}