{"Seed": 20, "Prop. class 1": 0.05, "Sel. bias": 0, "Method": "Label_spreading", "Test set": "future", "pr": 0.0, "AUPRC": 0.3581049806831128, "p.50": 0.78, "p.100": 0.66, "Bias effect": 1.5920506263325251}