{"Seed": 15, "Prop. class 1": 0.5, "Sel. bias": 0.95, "Method": "Veenman", "Test set": "future", "pr": 0.8275862068965517, "AUPRC": 0.6688022787490613, "p.50": 0.96, "p.100": 0.92, "Bias effect": 1.9185407085668027}