{"Seed": 31, "Prop. class 1": 0.5, "Sel. bias": 0.95, "Method": "Semi-supervised", "Test set": "future", "pr": 0.7566666666666667, "AUPRC": 0.640882668525397, "p.50": 0.94, "p.100": 0.88, "Bias effect": 2.050342023010165}