{"Seed": 12, "Prop. class 1": 0.5, "Sel. bias": 0.95, "Method": "Self_Learning", "Test set": "future", "pr": 0.6822916666666666, "AUPRC": 0.7128088616749532, "p.50": 0.9, "p.100": 0.88, "Bias effect": 1.717515547204407}