{"Seed": 40, "Prop. class 1": 0.05, "Sel. bias": 0.5, "Method": "Label_spreading", "Test set": "future", "pr": 0.3005050505050505, "AUPRC": 0.3020367982430123, "p.50": 0.6, "p.100": 0.53, "Bias effect": 1.55546751774564}