{"Seed": 14, "Prop. class 1": 0.5, "Sel. bias": 0.5, "Method": "traditional", "Test set": "future", "pr": 0.8269771176234444, "AUPRC": 0.7844468715493363, "p.50": 0.98, "p.100": 0.99, "Bias effect": 1.9525854116055748}