{"Seed": 13, "Prop. class 1": 0.05, "Sel. bias": 0.5, "Method": "Label_Propagation", "Test set": "future", "pr": 0.04964468021219097, "AUPRC": 0.3415366811643876, "p.50": 0.76, "p.100": 0.66, "Bias effect": 1.2865316495705907}