{"Seed": 17, "Prop. class 1": 0.5, "Sel. bias": 0.95, "Method": "Semi-supervised", "Test set": "future", "pr": 0.7890995260663507, "AUPRC": 0.6456867392901108, "p.50": 0.9, "p.100": 0.88, "Bias effect": 1.8220740304307153}