{"Seed": 22, "Prop. class 1": 0.5, "Sel. bias": 0.95, "Method": "Semi-supervised", "Test set": "future", "pr": 0.8010899182561307, "AUPRC": 0.6176188299339601, "p.50": 0.94, "p.100": 0.91, "Bias effect": 1.9531709860385866}