{"Seed": 15, "Prop. class 1": 0.05, "Sel. bias": 0, "Method": "Semi-supervised", "Test set": "future", "pr": 0.5, "AUPRC": 0.14780386490856887, "p.50": 0.28, "p.100": 0.27, "Bias effect": 1.5775985928604792}