{"Seed": 12, "Prop. class 1": 0.05, "Sel. bias": 0.5, "Method": "Label_spreading", "Test set": "future", "pr": 0.0790372418279395, "AUPRC": 0.33640383763814097, "p.50": 0.72, "p.100": 0.6, "Bias effect": 1.4750695911813014}