{"Seed": 39, "Prop. class 1": 0.05, "Sel. bias": 0.5, "Method": "Label_spreading", "Test set": "future", "pr": 0.15146512587701197, "AUPRC": 0.3067124004761503, "p.50": 0.7, "p.100": 0.57, "Bias effect": 1.6676022104592922}