{"Seed": 9, "Prop. class 1": 0.5, "Sel. bias": 0.5, "Method": "Label_spreading", "Test set": "future", "pr": 0.9933481152993349, "AUPRC": 0.8709875458185554, "p.50": 1.0, "p.100": 1.0, "Bias effect": 2.077064132914109}