{"Seed": 8, "Prop. class 1": 0.5, "Sel. bias": 0.95, "Method": "traditional", "Test set": "future", "pr": 0.675761421319797, "AUPRC": 0.7140736324995216, "p.50": 0.96, "p.100": 0.97, "Bias effect": 1.8596251593169653}