{"Seed": 34, "Prop. class 1": 0.5, "Sel. bias": 0, "Method": "Veenman", "Test set": "future", "pr": 0.0, "AUPRC": 0.7291320469531439, "p.50": 0.9, "p.100": 0.91, "Bias effect": 0.9243575178672172}