{"Seed": 36, "Prop. class 1": 0.05, "Sel. bias": 0.95, "Method": "traditional", "Test set": "future", "pr": 0.07027328499721137, "AUPRC": 0.33685389420310397, "p.50": 0.68, "p.100": 0.55, "Bias effect": 0.8863580881494416}