{"Seed": 8, "Prop. class 1": 0.05, "Sel. bias": 0.95, "Method": "Label_spreading", "Test set": "future", "pr": 0.0501, "AUPRC": 0.3530996745823588, "p.50": 0.68, "p.100": 0.64, "Bias effect": 1.421405152300949}