{"Seed": 40, "Prop. class 1": 0.5, "Sel. bias": 0.95, "Method": "Label_Propagation", "Test set": "future", "pr": 0.4999, "AUPRC": 0.7404244618855443, "p.50": 0.96, "p.100": 0.92, "Bias effect": 2.343318332325141}