{"Seed": 10, "Prop. class 1": 0.5, "Sel. bias": 0.95, "Method": "Semi-supervised", "Test set": "future", "pr": 0.8226857887874837, "AUPRC": 0.6504810426992949, "p.50": 0.92, "p.100": 0.85, "Bias effect": 2.087900918112349}