{"Seed": 24, "Prop. class 1": 0.05, "Sel. bias": 0.95, "Method": "Label_spreading", "Test set": "future", "pr": 0.05, "AUPRC": 0.4045674166687167, "p.50": 0.7, "p.100": 0.64, "Bias effect": 1.2139743405161405}