{"Seed": 26, "Prop. class 1": 0.5, "Sel. bias": 0.95, "Method": "Semi-supervised", "Test set": "future", "pr": 0.8125836680053548, "AUPRC": 0.6457968171401198, "p.50": 0.9, "p.100": 0.88, "Bias effect": 1.9666319717455407}