{"Seed": 4, "Prop. class 1": 0.05, "Sel. bias": 0, "Method": "Self_Learning", "Test set": "future", "pr": 0.42857142857142855, "AUPRC": 0.21003404193835032, "p.50": 0.5, "p.100": 0.41, "Bias effect": 1.2949636222244414}