{"Seed": 41, "Prop. class 1": 0.05, "Sel. bias": 0, "Method": "traditional", "Test set": "future", "pr": 0.3630952380952381, "AUPRC": 0.19535132987501272, "p.50": 0.5, "p.100": 0.38, "Bias effect": 1.1096246158276082}