{"Seed": 25, "Prop. class 1": 0.05, "Sel. bias": 0, "Method": "Veenman", "Test set": "future", "pr": 0.0, "AUPRC": 0.11505927425119589, "p.50": 0.2, "p.100": 0.18, "Bias effect": 1.687750273374709}