{"Seed": 4, "Prop. class 1": 0.5, "Sel. bias": 0, "Method": "Self_Learning", "Test set": "future", "pr": 0.7150916784203103, "AUPRC": 0.7825470580847393, "p.50": 0.96, "p.100": 0.95, "Bias effect": 1.7330061906655476}