{"Seed": 23, "Prop. class 1": 0.05, "Sel. bias": 0, "Method": "Label_spreading", "Test set": "future", "pr": 0.0, "AUPRC": 0.331547144800063, "p.50": 0.62, "p.100": 0.48, "Bias effect": 1.5867392606552995}