{"Seed": 44, "Prop. class 1": 0.05, "Sel. bias": 0.95, "Method": "Semi-supervised", "Test set": "future", "pr": 0.6666666666666666, "AUPRC": 0.38951228959029044, "p.50": 0.66, "p.100": 0.68, "Bias effect": 0.9283627782468065}