{"Seed": 4, "Prop. class 1": 0.05, "Sel. bias": 0.5, "Method": "Self_Learning", "Test set": "future", "pr": 0.0, "AUPRC": 0.2944610336691139, "p.50": 0.46, "p.100": 0.47, "Bias effect": 0.7091880405138461}