{"Seed": 23, "Prop. class 1": 0.05, "Sel. bias": 0, "Method": "Semi-supervised", "Test set": "future", "pr": 0.75, "AUPRC": 0.2082648606829857, "p.50": 0.44, "p.100": 0.41, "Bias effect": 1.2279297404312117}