{"Seed": 17, "Prop. class 1": 0.05, "Sel. bias": 0, "Method": "traditional", "Test set": "future", "pr": 1.0, "AUPRC": 0.23916356219655915, "p.50": 0.52, "p.100": 0.43, "Bias effect": 1.2327279523779116}