{"Seed": 36, "Prop. class 1": 0.05, "Sel. bias": 0.95, "Method": "Semi-supervised", "Test set": "future", "pr": 0.9, "AUPRC": 0.4049669884021746, "p.50": 0.7, "p.100": 0.64, "Bias effect": 0.9644438022491255}