{"Seed": 34, "Prop. class 1": 0.5, "Sel. bias": 0, "Method": "traditional", "Test set": "future", "pr": 0.7064063684609553, "AUPRC": 0.7959322082108824, "p.50": 1.0, "p.100": 1.0, "Bias effect": 1.684472150961372}