{"Seed": 35, "Prop. class 1": 0.05, "Sel. bias": 0.5, "Method": "Self_Learning", "Test set": "future", "pr": 0.12365747460087083, "AUPRC": 0.23196137948721537, "p.50": 0.4, "p.100": 0.38, "Bias effect": 0.9093150750410396}