{"Seed": 43, "Prop. class 1": 0.5, "Sel. bias": 0, "Method": "traditional", "Test set": "future", "pr": 0.7242, "AUPRC": 0.8055879280572302, "p.50": 1.0, "p.100": 0.98, "Bias effect": 1.7651733166865282}