{"Seed": 10, "Prop. class 1": 0.05, "Sel. bias": 0, "Method": "Self_Learning", "Test set": "future", "pr": 0.26490066225165565, "AUPRC": 0.1695623991121823, "p.50": 0.38, "p.100": 0.38, "Bias effect": 1.4236742189752607}