{"Seed": 39, "Prop. class 1": 0.5, "Sel. bias": 0.95, "Method": "Label_Propagation", "Test set": "future", "pr": 0.5002, "AUPRC": 0.7450596452511661, "p.50": 1.0, "p.100": 0.94, "Bias effect": 2.349247099176936}