{"Seed": 22, "Prop. class 1": 0.5, "Sel. bias": 0.5, "Method": "traditional", "Test set": "future", "pr": 0.7864654778235025, "AUPRC": 0.726862699400792, "p.50": 0.96, "p.100": 0.95, "Bias effect": 1.6083434388964466}