{"Seed": 43, "Prop. class 1": 0.5, "Sel. bias": 0.5, "Method": "Label_spreading", "Test set": "future", "pr": 0.8835855646100116, "AUPRC": 0.7942367279576097, "p.50": 1.0, "p.100": 0.98, "Bias effect": 1.6328239964743638}