{"Seed": 7, "Prop. class 1": 0.5, "Sel. bias": 0.95, "Method": "Label_spreading", "Test set": "future", "pr": 0.5, "AUPRC": 0.7149487463788107, "p.50": 1.0, "p.100": 0.94, "Bias effect": 2.3777103976097367}