{"Seed": 9, "Prop. class 1": 0.5, "Sel. bias": 0.95, "Method": "traditional", "Test set": "future", "pr": 0.640207219251337, "AUPRC": 0.7341721075862853, "p.50": 0.94, "p.100": 0.92, "Bias effect": 1.8077868166510196}