{"Seed": 32, "Prop. class 1": 0.05, "Sel. bias": 0.95, "Method": "Label_Propagation", "Test set": "future", "pr": 0.0501, "AUPRC": 0.4542629603315673, "p.50": 0.84, "p.100": 0.75, "Bias effect": 1.1998974145675148}