{"Seed": 25, "Prop. class 1": 0.05, "Sel. bias": 0.5, "Method": "Self_Learning", "Test set": "future", "pr": 0.09824223452925596, "AUPRC": 0.18515387502209785, "p.50": 0.3, "p.100": 0.3, "Bias effect": 1.179229471619819}