{"Seed": 23, "Prop. class 1": 0.05, "Sel. bias": 0.5, "Method": "Label_spreading", "Test set": "future", "pr": 0.1343381389252949, "AUPRC": 0.3357787982161218, "p.50": 0.72, "p.100": 0.64, "Bias effect": 1.5365574053574726}