{"Seed": 38, "Prop. class 1": 0.05, "Sel. bias": 0, "Method": "Label_Propagation", "Test set": "future", "pr": 0.0, "AUPRC": 0.4310631153824175, "p.50": 0.78, "p.100": 0.67, "Bias effect": 1.265435466160368}