{"Seed": 9, "Prop. class 1": 0.05, "Sel. bias": 0, "Method": "Label_Propagation", "Test set": "future", "pr": 0.0, "AUPRC": 0.3789157135168116, "p.50": 0.64, "p.100": 0.59, "Bias effect": 1.2335357653526375}