{"Seed": 27, "Prop. class 1": 0.5, "Sel. bias": 0.5, "Method": "traditional", "Test set": "future", "pr": 0.8694624926166569, "AUPRC": 0.7794378612401064, "p.50": 0.96, "p.100": 0.94, "Bias effect": 1.9465100404103481}