{"Seed": 9, "Prop. class 1": 0.5, "Sel. bias": 0.5, "Method": "Veenman", "Test set": "future", "pr": 0.8306188925081434, "AUPRC": 0.6725400002584471, "p.50": 0.96, "p.100": 0.87, "Bias effect": 2.2222780554198653}