{"Seed": 22, "Prop. class 1": 0.05, "Sel. bias": 0.5, "Method": "Semi-supervised", "Test set": "future", "pr": 0.4056603773584906, "AUPRC": 0.32409495014521683, "p.50": 0.68, "p.100": 0.57, "Bias effect": 0.8168158976708174}