{"Seed": 40, "Prop. class 1": 0.05, "Sel. bias": 0, "Method": "traditional", "Test set": "future", "pr": 0.3888888888888889, "AUPRC": 0.17946232229929204, "p.50": 0.48, "p.100": 0.38, "Bias effect": 1.270513461331302}