{"Seed": 12, "Prop. class 1": 0.5, "Sel. bias": 0, "Method": "Self_Learning", "Test set": "future", "pr": 0.7165217391304348, "AUPRC": 0.7990961369343512, "p.50": 0.96, "p.100": 0.96, "Bias effect": 1.504073071266508}