{"Seed": 5, "Prop. class 1": 0.5, "Sel. bias": 0.95, "Method": "Veenman", "Test set": "future", "pr": 0.826865671641791, "AUPRC": 0.6864769279453787, "p.50": 0.94, "p.100": 0.97, "Bias effect": 1.9186888919355831}