{"Seed": 5, "Prop. class 1": 0.05, "Sel. bias": 0.5, "Method": "traditional", "Test set": "future", "pr": 0.09722575719012472, "AUPRC": 0.19889742983090355, "p.50": 0.48, "p.100": 0.42, "Bias effect": 1.300179467628145}