{"Seed": 15, "Prop. class 1": 0.05, "Sel. bias": 0.5, "Method": "Self_Learning", "Test set": "future", "pr": 0.11302211302211303, "AUPRC": 0.26160263314134374, "p.50": 0.56, "p.100": 0.46, "Bias effect": 1.1336135153619804}