{"Seed": 16, "Prop. class 1": 0.05, "Sel. bias": 0, "Method": "Label_Propagation", "Test set": "future", "pr": 0.0, "AUPRC": 0.231573114742754, "p.50": 0.46, "p.100": 0.39, "Bias effect": 1.7536501857052333}