{"Seed": 2, "Prop. class 1": 0.5, "Sel. bias": 0.95, "Method": "Self_Learning", "Test set": "future", "pr": 0.6589759158065169, "AUPRC": 0.6985616858544963, "p.50": 0.94, "p.100": 0.87, "Bias effect": 1.6682777238293052}