{"Seed": 7, "Prop. class 1": 0.05, "Sel. bias": 0.95, "Method": "Label_spreading", "Test set": "future", "pr": 0.05, "AUPRC": 0.38731736325086175, "p.50": 0.78, "p.100": 0.63, "Bias effect": 1.4265052252189678}