{"Seed": 6, "Prop. class 1": 0.05, "Sel. bias": 0.95, "Method": "traditional", "Test set": "future", "pr": 0.07608526528707017, "AUPRC": 0.292094636770025, "p.50": 0.6, "p.100": 0.5, "Bias effect": 0.9310794493876191}