{"Seed": 17, "Prop. class 1": 0.05, "Sel. bias": 0.5, "Method": "traditional", "Test set": "future", "pr": 0.11987198137910969, "AUPRC": 0.23932986716378546, "p.50": 0.56, "p.100": 0.44, "Bias effect": 1.5267323330198794}