{"Seed": 25, "Prop. class 1": 0.5, "Sel. bias": 0.95, "Method": "Self_Learning", "Test set": "future", "pr": 0.5988890759131459, "AUPRC": 0.6779925831050955, "p.50": 0.9, "p.100": 0.88, "Bias effect": 1.623401080067707}