{"Seed": 35, "Prop. class 1": 0.5, "Sel. bias": 0.95, "Method": "Self_Learning", "Test set": "future", "pr": 0.6166982922201139, "AUPRC": 0.6912762831781969, "p.50": 0.88, "p.100": 0.9, "Bias effect": 1.5891678732525731}