{"Seed": 2, "Prop. class 1": 0.5, "Sel. bias": 0, "Method": "Label_Propagation", "Test set": "future", "pr": 0.5211988304093568, "AUPRC": 0.8217527392443655, "p.50": 1.0, "p.100": 0.99, "Bias effect": 2.1890385054494783}