{"Seed": 34, "Prop. class 1": 0.05, "Sel. bias": 0.95, "Method": "Label_spreading", "Test set": "future", "pr": 0.0502, "AUPRC": 0.4501639183111334, "p.50": 0.84, "p.100": 0.71, "Bias effect": 1.225400094260601}