{"Seed": 41, "Prop. class 1": 0.05, "Sel. bias": 0.95, "Method": "traditional", "Test set": "future", "pr": 0.06054001695120475, "AUPRC": 0.3272953956531946, "p.50": 0.62, "p.100": 0.59, "Bias effect": 0.8267230880231403}