{"Seed": 32, "Prop. class 1": 0.05, "Sel. bias": 0.95, "Method": "traditional", "Test set": "future", "pr": 0.07730751210370139, "AUPRC": 0.3258483224302799, "p.50": 0.72, "p.100": 0.56, "Bias effect": 0.8005165397982494}