{"Seed": 0, "Prop. class 1": 0.05, "Sel. bias": 0, "Method": "traditional", "Test set": "future", "pr": 0.3333333333333333, "AUPRC": 0.1599016465977879, "p.50": 0.4, "p.100": 0.3, "Bias effect": 1.2218337390122078}