{"Seed": 0, "Prop. class 1": 0.05, "Sel. bias": 0.5, "Method": "Label_Propagation", "Test set": "future", "pr": 0.0501, "AUPRC": 0.21518744757406627, "p.50": 0.56, "p.100": 0.45, "Bias effect": 1.449877122526918}