{"Seed": 21, "Prop. class 1": 0.05, "Sel. bias": 0.95, "Method": "Veenman", "Test set": "future", "pr": 0.49222797927461137, "AUPRC": 0.3608539659133775, "p.50": 0.6, "p.100": 0.54, "Bias effect": 0.8126359418568186}