{"Seed": 24, "Prop. class 1": 0.05, "Sel. bias": 0, "Method": "Semi-supervised", "Test set": "future", "pr": 1.0, "AUPRC": 0.19507028540203783, "p.50": 0.34, "p.100": 0.37, "Bias effect": 1.1315682222697565}