{"Seed": 18, "Prop. class 1": 0.05, "Sel. bias": 0, "Method": "Self_Learning", "Test set": "future", "pr": 0.0, "AUPRC": 0.23616626434877247, "p.50": 0.46, "p.100": 0.43, "Bias effect": 1.217103864821336}