{"Seed": 9, "Prop. class 1": 0.05, "Sel. bias": 0.5, "Method": "Semi-supervised", "Test set": "future", "pr": 0.5970149253731343, "AUPRC": 0.35277998919886394, "p.50": 0.6, "p.100": 0.58, "Bias effect": 0.8435811696738129}