{"Seed": 30, "Prop. class 1": 0.5, "Sel. bias": 0.5, "Method": "Label_spreading", "Test set": "future", "pr": 0.8698805460750854, "AUPRC": 0.8187865322151251, "p.50": 0.98, "p.100": 0.97, "Bias effect": 1.6841917863799265}