{"Seed": 42, "Prop. class 1": 0.05, "Sel. bias": 0.95, "Method": "traditional", "Test set": "future", "pr": 0.06637049003769521, "AUPRC": 0.28700476894397625, "p.50": 0.44, "p.100": 0.48, "Bias effect": 1.042263109847797}