{"Seed": 19, "Prop. class 1": 0.5, "Sel. bias": 0.5, "Method": "Veenman", "Test set": "future", "pr": 0.8081395348837209, "AUPRC": 0.662525145625248, "p.50": 0.9, "p.100": 0.87, "Bias effect": 2.2659396599610435}