{"Seed": 9, "Prop. class 1": 0.05, "Sel. bias": 0.95, "Method": "traditional", "Test set": "future", "pr": 0.0806769635228393, "AUPRC": 0.32858805165422106, "p.50": 0.58, "p.100": 0.51, "Bias effect": 0.9058393666948974}