{"Seed": 34, "Prop. class 1": 0.05, "Sel. bias": 0.5, "Method": "Semi-supervised", "Test set": "future", "pr": 0.5294117647058824, "AUPRC": 0.29116612557567556, "p.50": 0.52, "p.100": 0.5, "Bias effect": 0.8485700829160974}