{"Seed": 20, "Prop. class 1": 0.5, "Sel. bias": 0.5, "Method": "Label_spreading", "Test set": "future", "pr": 0.9759450171821306, "AUPRC": 0.8395968731517883, "p.50": 1.0, "p.100": 1.0, "Bias effect": 2.0720624207423683}