{"Seed": 14, "Prop. class 1": 0.05, "Sel. bias": 0.5, "Method": "traditional", "Test set": "future", "pr": 0.11867314841292537, "AUPRC": 0.24224604072648173, "p.50": 0.48, "p.100": 0.44, "Bias effect": 1.1474136473277465}