{"Seed": 3, "Prop. class 1": 0.05, "Sel. bias": 0.5, "Method": "Veenman", "Test set": "future", "pr": 0.8571428571428571, "AUPRC": 0.34750598366061863, "p.50": 0.6, "p.100": 0.58, "Bias effect": 0.9536401335757538}