{"Seed": 40, "Prop. class 1": 0.05, "Sel. bias": 0.95, "Method": "traditional", "Test set": "future", "pr": 0.06094557990642699, "AUPRC": 0.28375262475324897, "p.50": 0.6, "p.100": 0.56, "Bias effect": 1.1338044078674883}