{"Seed": 30, "Prop. class 1": 0.05, "Sel. bias": 0.95, "Method": "Veenman", "Test set": "future", "pr": 0.66, "AUPRC": 0.4134509486213915, "p.50": 0.66, "p.100": 0.62, "Bias effect": 0.8996600528594578}