{"Seed": 20, "Prop. class 1": 0.5, "Sel. bias": 0.5, "Method": "Veenman", "Test set": "future", "pr": 0.7985436893203883, "AUPRC": 0.6622121385809916, "p.50": 0.84, "p.100": 0.85, "Bias effect": 2.349545410610554}