{"Seed": 27, "Prop. class 1": 0.5, "Sel. bias": 0.95, "Method": "Label_Propagation", "Test set": "future", "pr": 0.5, "AUPRC": 0.7569742448465664, "p.50": 0.98, "p.100": 0.91, "Bias effect": 2.2127618126884077}