{"Seed": 43, "Prop. class 1": 0.5, "Sel. bias": 0, "Method": "Semi-supervised", "Test set": "future", "pr": 0.9419354838709677, "AUPRC": 0.7363093301146308, "p.50": 0.96, "p.100": 0.93, "Bias effect": 1.401022204948109}