{"Seed": 8, "Prop. class 1": 0.5, "Sel. bias": 0, "Method": "Self_Learning", "Test set": "future", "pr": 0.6475243047705177, "AUPRC": 0.6921709901648311, "p.50": 0.9, "p.100": 0.91, "Bias effect": 1.6444587998921656}