{"Seed": 0, "Prop. class 1": 0.5, "Sel. bias": 0.5, "Method": "Label_spreading", "Test set": "future", "pr": 0.9735099337748344, "AUPRC": 0.7863562719153103, "p.50": 1.0, "p.100": 0.99, "Bias effect": 2.180049930656256}