{"Seed": 20, "Prop. class 1": 0.05, "Sel. bias": 0.5, "Method": "Veenman", "Test set": "future", "pr": 0.45652173913043476, "AUPRC": 0.25963795413997925, "p.50": 0.48, "p.100": 0.44, "Bias effect": 0.8522299265149104}