{"Seed": 33, "Prop. class 1": 0.5, "Sel. bias": 0, "Method": "Semi-supervised", "Test set": "future", "pr": 0.6400361772686162, "AUPRC": 0.6707316959593845, "p.50": 0.96, "p.100": 0.95, "Bias effect": 1.5729868071326163}