{"Seed": 31, "Prop. class 1": 0.05, "Sel. bias": 0.5, "Method": "Veenman", "Test set": "future", "pr": 0.5319148936170213, "AUPRC": 0.2794363641527615, "p.50": 0.52, "p.100": 0.5, "Bias effect": 0.9884297496811908}