{"Seed": 1, "Prop. class 1": 0.5, "Sel. bias": 0, "Method": "Label_spreading", "Test set": "future", "pr": 0.7214259463432562, "AUPRC": 0.8089803866643098, "p.50": 0.9, "p.100": 0.9, "Bias effect": 1.5243981858842226}