{"Seed": 27, "Prop. class 1": 0.5, "Sel. bias": 0, "Method": "Self_Learning", "Test set": "future", "pr": 0.6110789422891334, "AUPRC": 0.6928105557846876, "p.50": 0.98, "p.100": 0.93, "Bias effect": 1.6558200803414385}