{"Seed": 19, "Prop. class 1": 0.05, "Sel. bias": 0.5, "Method": "Semi-supervised", "Test set": "future", "pr": 0.6338028169014085, "AUPRC": 0.3376031692195846, "p.50": 0.64, "p.100": 0.56, "Bias effect": 0.8952151441740945}