{"Seed": 36, "Prop. class 1": 0.5, "Sel. bias": 0, "Method": "Semi-supervised", "Test set": "future", "pr": 0.0, "AUPRC": 0.712775288639974, "p.50": 0.94, "p.100": 0.87, "Bias effect": 1.331003906796627}