{"Seed": 12, "Prop. class 1": 0.5, "Sel. bias": 0.95, "Method": "Veenman", "Test set": "future", "pr": 0.8424962852897474, "AUPRC": 0.660768846837677, "p.50": 0.88, "p.100": 0.89, "Bias effect": 1.9590742971018644}