{"Seed": 27, "Prop. class 1": 0.05, "Sel. bias": 0.5, "Method": "Semi-supervised", "Test set": "future", "pr": 0.6120689655172413, "AUPRC": 0.33018870735544553, "p.50": 0.68, "p.100": 0.62, "Bias effect": 0.9357654628500763}