{"Seed": 43, "Prop. class 1": 0.05, "Sel. bias": 0.5, "Method": "traditional", "Test set": "future", "pr": 0.10253781081773904, "AUPRC": 0.18881630951742362, "p.50": 0.42, "p.100": 0.36, "Bias effect": 1.3804106448204723}