{"Seed": 10, "Prop. class 1": 0.05, "Sel. bias": 0.95, "Method": "Self_Learning", "Test set": "future", "pr": 0.0756996482642606, "AUPRC": 0.35132303083431815, "p.50": 0.62, "p.100": 0.56, "Bias effect": 0.7853039956220293}