{"Seed": 2, "Prop. class 1": 0.5, "Sel. bias": 0, "Method": "Veenman", "Test set": "future", "pr": 0.8943248532289628, "AUPRC": 0.7407199903116113, "p.50": 0.96, "p.100": 0.94, "Bias effect": 1.6287844502028643}