{"Seed": 34, "Prop. class 1": 0.05, "Sel. bias": 0.95, "Method": "Self_Learning", "Test set": "future", "pr": 0.06657824933687002, "AUPRC": 0.32164286013272636, "p.50": 0.48, "p.100": 0.53, "Bias effect": 0.9376327048197062}