{"Seed": 44, "Prop. class 1": 0.5, "Sel. bias": 0.95, "Method": "Self_Learning", "Test set": "future", "pr": 0.6506170693551191, "AUPRC": 0.7111100243306994, "p.50": 0.88, "p.100": 0.89, "Bias effect": 1.794702517643199}