{"Seed": 15, "Prop. class 1": 0.05, "Sel. bias": 0, "Method": "Self_Learning", "Test set": "future", "pr": 0.0, "AUPRC": 0.16642925009787018, "p.50": 0.44, "p.100": 0.33, "Bias effect": 1.3491727309965966}