{"Seed": 39, "Prop. class 1": 0.05, "Sel. bias": 0.5, "Method": "Veenman", "Test set": "future", "pr": 0.7692307692307693, "AUPRC": 0.36639936174165033, "p.50": 0.72, "p.100": 0.66, "Bias effect": 1.0458816834379205}