{"Seed": 44, "Prop. class 1": 0.05, "Sel. bias": 0, "Method": "Label_spreading", "Test set": "future", "pr": 0.0, "AUPRC": 0.2603042248958018, "p.50": 0.52, "p.100": 0.43, "Bias effect": 1.8003169476724055}