{"Seed": 13, "Prop. class 1": 0.5, "Sel. bias": 0.5, "Method": "traditional", "Test set": "future", "pr": 0.7766531713900134, "AUPRC": 0.762756863405847, "p.50": 0.96, "p.100": 0.96, "Bias effect": 1.6732915690737236}