{"Seed": 10, "Prop. class 1": 0.5, "Sel. bias": 0.5, "Method": "Label_Propagation", "Test set": "future", "pr": 1.0, "AUPRC": 0.8351670568912459, "p.50": 0.92, "p.100": 0.95, "Bias effect": 2.1255821937508323}