{"Seed": 23, "Prop. class 1": 0.5, "Sel. bias": 0.95, "Method": "traditional", "Test set": "future", "pr": 0.5346170970614426, "AUPRC": 0.705468491215311, "p.50": 0.98, "p.100": 0.95, "Bias effect": 1.25821062416234}