{"Seed": 38, "Prop. class 1": 0.5, "Sel. bias": 0, "Method": "Label_spreading", "Test set": "future", "pr": 0.8117492902380432, "AUPRC": 0.8731078597569577, "p.50": 1.0, "p.100": 1.0, "Bias effect": 2.1079911212691314}