{"Seed": 20, "Prop. class 1": 0.5, "Sel. bias": 0, "Method": "Label_Propagation", "Test set": "future", "pr": 1.0, "AUPRC": 0.8112904341110084, "p.50": 1.0, "p.100": 0.97, "Bias effect": 1.7553859631937156}