{"Seed": 2, "Prop. class 1": 0.5, "Sel. bias": 0, "Method": "Semi-supervised", "Test set": "future", "pr": 0.8539114043355325, "AUPRC": 0.7367896873784567, "p.50": 0.9, "p.100": 0.92, "Bias effect": 1.6978915224214755}