{"Seed": 31, "Prop. class 1": 0.05, "Sel. bias": 0.95, "Method": "traditional", "Test set": "future", "pr": 0.07323529411764707, "AUPRC": 0.3227202945110465, "p.50": 0.66, "p.100": 0.59, "Bias effect": 0.8666054851695462}