{"Seed": 23, "Prop. class 1": 0.5, "Sel. bias": 0.95, "Method": "Label_Propagation", "Test set": "future", "pr": 0.5, "AUPRC": 0.7626730438712565, "p.50": 0.96, "p.100": 0.94, "Bias effect": 2.373542699794463}