{"Seed": 44, "Prop. class 1": 0.05, "Sel. bias": 0.95, "Method": "Label_spreading", "Test set": "future", "pr": 0.0497, "AUPRC": 0.31350546273585833, "p.50": 0.56, "p.100": 0.5, "Bias effect": 1.61329416749628}