{"Seed": 21, "Prop. class 1": 0.05, "Sel. bias": 0, "Method": "Label_Propagation", "Test set": "future", "pr": 0.0, "AUPRC": 0.37131817950703716, "p.50": 0.7, "p.100": 0.63, "Bias effect": 1.2786601064902974}