{"Seed": 15, "Prop. class 1": 0.05, "Sel. bias": 0.5, "Method": "Label_spreading", "Test set": "future", "pr": 0.09533765419192976, "AUPRC": 0.25668159934601115, "p.50": 0.46, "p.100": 0.52, "Bias effect": 1.0067625048675706}