{"Seed": 6, "Prop. class 1": 0.05, "Sel. bias": 0.95, "Method": "Label_Propagation", "Test set": "future", "pr": 0.05, "AUPRC": 0.35096467392452524, "p.50": 0.66, "p.100": 0.65, "Bias effect": 1.3612987706779072}