{"Seed": 19, "Prop. class 1": 0.05, "Sel. bias": 0.95, "Method": "traditional", "Test set": "future", "pr": 0.07757140627438738, "AUPRC": 0.35116897737331854, "p.50": 0.64, "p.100": 0.58, "Bias effect": 0.8647194697362907}