{"Seed": 24, "Prop. class 1": 0.05, "Sel. bias": 0.5, "Method": "Semi-supervised", "Test set": "future", "pr": 0.47692307692307695, "AUPRC": 0.2646550106963348, "p.50": 0.46, "p.100": 0.47, "Bias effect": 1.053608891435212}