{"Seed": 7, "Prop. class 1": 0.05, "Sel. bias": 0.95, "Method": "traditional", "Test set": "future", "pr": 0.09097688292319164, "AUPRC": 0.30351742494900724, "p.50": 0.6, "p.100": 0.47, "Bias effect": 1.1788194412668873}