{"Seed": 41, "Prop. class 1": 0.5, "Sel. bias": 0.95, "Method": "Veenman", "Test set": "future", "pr": 0.8408408408408409, "AUPRC": 0.6715774935613931, "p.50": 0.96, "p.100": 0.93, "Bias effect": 1.9400406815314313}