{"Seed": 20, "Prop. class 1": 0.05, "Sel. bias": 0.5, "Method": "Label_Propagation", "Test set": "future", "pr": 0.05, "AUPRC": 0.3752098933904453, "p.50": 0.78, "p.100": 0.64, "Bias effect": 1.1337973551289455}