{"Seed": 32, "Prop. class 1": 0.05, "Sel. bias": 0.5, "Method": "traditional", "Test set": "future", "pr": 0.10337189269013045, "AUPRC": 0.2438877959084752, "p.50": 0.5, "p.100": 0.43, "Bias effect": 1.2250097096209296}