{"Seed": 19, "Prop. class 1": 0.05, "Sel. bias": 0.5, "Method": "traditional", "Test set": "future", "pr": 0.11607697082557418, "AUPRC": 0.2124711211815304, "p.50": 0.44, "p.100": 0.36, "Bias effect": 1.2164336490019785}