{"Seed": 44, "Prop. class 1": 0.05, "Sel. bias": 0.95, "Method": "Veenman", "Test set": "future", "pr": 0.5652173913043478, "AUPRC": 0.37740176257925806, "p.50": 0.74, "p.100": 0.65, "Bias effect": 0.9488739006193728}