{"Seed": 29, "Prop. class 1": 0.5, "Sel. bias": 0, "Method": "Veenman", "Test set": "future", "pr": 0.0, "AUPRC": 0.7188817527126521, "p.50": 0.92, "p.100": 0.93, "Bias effect": 1.2089799067948468}