{"Seed": 31, "Prop. class 1": 0.05, "Sel. bias": 0.5, "Method": "Semi-supervised", "Test set": "future", "pr": 0.46846846846846846, "AUPRC": 0.2762286067690307, "p.50": 0.54, "p.100": 0.47, "Bias effect": 1.0006806884772566}