{"Seed": 29, "Prop. class 1": 0.05, "Sel. bias": 0, "Method": "Veenman", "Test set": "future", "pr": 0.29338842975206614, "AUPRC": 0.19426735501466824, "p.50": 0.5, "p.100": 0.38, "Bias effect": 1.3665067907198971}