{"Seed": 32, "Prop. class 1": 0.5, "Sel. bias": 0, "Method": "Label_spreading", "Test set": "future", "pr": 0.7051399304920432, "AUPRC": 0.8073134126748148, "p.50": 0.98, "p.100": 0.98, "Bias effect": 1.8000267131950685}