{"Seed": 21, "Prop. class 1": 0.5, "Sel. bias": 0.95, "Method": "Semi-supervised", "Test set": "future", "pr": 0.7763819095477387, "AUPRC": 0.6098365606305629, "p.50": 0.94, "p.100": 0.9, "Bias effect": 1.988253444047057}