{"Seed": 42, "Prop. class 1": 0.05, "Sel. bias": 0, "Method": "Veenman", "Test set": "future", "pr": 0.2676056338028169, "AUPRC": 0.19899985200528464, "p.50": 0.46, "p.100": 0.4, "Bias effect": 1.4755488852927492}