{"Seed": 42, "Prop. class 1": 0.05, "Sel. bias": 0.5, "Method": "Label_spreading", "Test set": "future", "pr": 0.05286016949152542, "AUPRC": 0.2917868516312563, "p.50": 0.72, "p.100": 0.56, "Bias effect": 1.6034851671265804}