{"Seed": 26, "Prop. class 1": 0.05, "Sel. bias": 0, "Method": "Label_spreading", "Test set": "future", "pr": 0.0, "AUPRC": 0.30461748686037643, "p.50": 0.52, "p.100": 0.49, "Bias effect": 1.5451446881290911}