{"Seed": 36, "Prop. class 1": 0.5, "Sel. bias": 0.95, "Method": "Semi-supervised", "Test set": "future", "pr": 0.7702523240371846, "AUPRC": 0.6106724265753978, "p.50": 0.8, "p.100": 0.77, "Bias effect": 2.070870231699014}