{"Seed": 14, "Prop. class 1": 0.5, "Sel. bias": 0.95, "Method": "traditional", "Test set": "future", "pr": 0.630937880633374, "AUPRC": 0.6804469772255282, "p.50": 0.96, "p.100": 0.86, "Bias effect": 1.7628947915428859}