{"Seed": 35, "Prop. class 1": 0.05, "Sel. bias": 0.5, "Method": "Semi-supervised", "Test set": "future", "pr": 0.5555555555555556, "AUPRC": 0.2898629612202491, "p.50": 0.56, "p.100": 0.5, "Bias effect": 1.0948272537026675}