{"Seed": 9, "Prop. class 1": 0.05, "Sel. bias": 0, "Method": "Self_Learning", "Test set": "future", "pr": 0.55, "AUPRC": 0.21325279098609815, "p.50": 0.44, "p.100": 0.4, "Bias effect": 0.9329291497405723}