{"Seed": 8, "Prop. class 1": 0.05, "Sel. bias": 0.95, "Method": "traditional", "Test set": "future", "pr": 0.06835616438356164, "AUPRC": 0.2831294250306631, "p.50": 0.56, "p.100": 0.49, "Bias effect": 0.9598423307052075}