{"Seed": 10, "Prop. class 1": 0.05, "Sel. bias": 0.5, "Method": "traditional", "Test set": "future", "pr": 0.12114014251781473, "AUPRC": 0.26173093588941665, "p.50": 0.66, "p.100": 0.56, "Bias effect": 1.1911619006274725}