{"Seed": 41, "Prop. class 1": 0.05, "Sel. bias": 0.95, "Method": "Label_spreading", "Test set": "future", "pr": 0.05, "AUPRC": 0.4322473590536887, "p.50": 0.78, "p.100": 0.67, "Bias effect": 1.2821604594112799}