{"Seed": 26, "Prop. class 1": 0.5, "Sel. bias": 0.5, "Method": "Semi-supervised", "Test set": "future", "pr": 0.851528384279476, "AUPRC": 0.6410277417848518, "p.50": 0.98, "p.100": 0.92, "Bias effect": 2.1368434255340647}