{"Seed": 22, "Prop. class 1": 0.05, "Sel. bias": 0, "Method": "Self_Learning", "Test set": "future", "pr": 0.3561643835616438, "AUPRC": 0.16637482965932998, "p.50": 0.4, "p.100": 0.35, "Bias effect": 1.081773219586428}