{"Seed": 32, "Prop. class 1": 0.05, "Sel. bias": 0, "Method": "traditional", "Test set": "future", "pr": 0.5238095238095238, "AUPRC": 0.26907147174477974, "p.50": 0.52, "p.100": 0.52, "Bias effect": 1.0872440224356494}