{"Seed": 23, "Prop. class 1": 0.5, "Sel. bias": 0.5, "Method": "Label_spreading", "Test set": "future", "pr": 0.9962825278810409, "AUPRC": 0.8640441898096883, "p.50": 1.0, "p.100": 0.99, "Bias effect": 2.0880908361911126}