{"Seed": 32, "Prop. class 1": 0.05, "Sel. bias": 0, "Method": "Label_Propagation", "Test set": "future", "pr": 0.0, "AUPRC": 0.3882996193572219, "p.50": 0.66, "p.100": 0.65, "Bias effect": 1.27890939226901}