{"Seed": 24, "Prop. class 1": 0.05, "Sel. bias": 0.5, "Method": "Self_Learning", "Test set": "future", "pr": 0.23132969034608378, "AUPRC": 0.2668611059397834, "p.50": 0.44, "p.100": 0.5, "Bias effect": 0.898092513507062}