{"Seed": 44, "Prop. class 1": 0.5, "Sel. bias": 0.5, "Method": "traditional", "Test set": "future", "pr": 0.7952173913043479, "AUPRC": 0.753547362766858, "p.50": 0.94, "p.100": 0.93, "Bias effect": 2.1096114867089235}