{"Seed": 6, "Prop. class 1": 0.5, "Sel. bias": 0.5, "Method": "Label_spreading", "Test set": "future", "pr": 0.9808917197452229, "AUPRC": 0.8278448411948115, "p.50": 1.0, "p.100": 1.0, "Bias effect": 2.154054297494616}