{"Seed": 26, "Prop. class 1": 0.5, "Sel. bias": 0.5, "Method": "traditional", "Test set": "future", "pr": 0.867595818815331, "AUPRC": 0.7540038874228983, "p.50": 1.0, "p.100": 0.98, "Bias effect": 2.068463967133813}