{"Seed": 10, "Prop. class 1": 0.05, "Sel. bias": 0, "Method": "Semi-supervised", "Test set": "future", "pr": 0.2777777777777778, "AUPRC": 0.14379285805467565, "p.50": 0.36, "p.100": 0.29, "Bias effect": 1.4559966076715098}