{"Seed": 4, "Prop. class 1": 0.5, "Sel. bias": 0.95, "Method": "Label_spreading", "Test set": "future", "pr": 0.5, "AUPRC": 0.7440151010441404, "p.50": 0.96, "p.100": 0.92, "Bias effect": 2.2673843981844435}