{"Seed": 18, "Prop. class 1": 0.5, "Sel. bias": 0.5, "Method": "Semi-supervised", "Test set": "future", "pr": 0.8502415458937198, "AUPRC": 0.6550588363649992, "p.50": 0.86, "p.100": 0.88, "Bias effect": 2.1582921164180062}