{"Seed": 19, "Prop. class 1": 0.05, "Sel. bias": 0.95, "Method": "Veenman", "Test set": "future", "pr": 0.8095238095238095, "AUPRC": 0.4245932281537932, "p.50": 0.78, "p.100": 0.74, "Bias effect": 0.9664847371604103}