{"Seed": 30, "Prop. class 1": 0.05, "Sel. bias": 0.95, "Method": "Label_Propagation", "Test set": "future", "pr": 0.05, "AUPRC": 0.44377893515837075, "p.50": 0.68, "p.100": 0.67, "Bias effect": 1.1726278565430621}