{"Seed": 8, "Prop. class 1": 0.05, "Sel. bias": 0.5, "Method": "traditional", "Test set": "future", "pr": 0.10801873794433728, "AUPRC": 0.19796720474385848, "p.50": 0.34, "p.100": 0.35, "Bias effect": 1.1632500244244774}