{"Seed": 33, "Prop. class 1": 0.05, "Sel. bias": 0, "Method": "Self_Learning", "Test set": "future", "pr": 0.5476190476190477, "AUPRC": 0.21985987008998673, "p.50": 0.52, "p.100": 0.43, "Bias effect": 1.2801420409061197}