{"Seed": 36, "Prop. class 1": 0.05, "Sel. bias": 0.5, "Method": "Semi-supervised", "Test set": "future", "pr": 0.5614035087719298, "AUPRC": 0.31808042734582437, "p.50": 0.6, "p.100": 0.56, "Bias effect": 0.9702252558171373}