{"Seed": 14, "Prop. class 1": 0.5, "Sel. bias": 0, "Method": "Label_Propagation", "Test set": "future", "pr": 0.0, "AUPRC": 0.8477555792658187, "p.50": 1.0, "p.100": 0.99, "Bias effect": 2.023340681477503}