{"Seed": 2, "Prop. class 1": 0.5, "Sel. bias": 0.5, "Method": "traditional", "Test set": "future", "pr": 0.754995004995005, "AUPRC": 0.7862273834777737, "p.50": 1.0, "p.100": 0.98, "Bias effect": 1.8006207374445642}