{"Seed": 31, "Prop. class 1": 0.05, "Sel. bias": 0.5, "Method": "traditional", "Test set": "future", "pr": 0.11611785095320624, "AUPRC": 0.25130378612650656, "p.50": 0.58, "p.100": 0.47, "Bias effect": 0.9900313309520063}