{"Seed": 43, "Prop. class 1": 0.5, "Sel. bias": 0.95, "Method": "Semi-supervised", "Test set": "future", "pr": 0.7867403314917127, "AUPRC": 0.643774733955534, "p.50": 0.94, "p.100": 0.91, "Bias effect": 1.9352900403692912}