{"Seed": 4, "Prop. class 1": 0.5, "Sel. bias": 0.5, "Method": "Self_Learning", "Test set": "future", "pr": 0.7605740181268882, "AUPRC": 0.7231489704353825, "p.50": 0.96, "p.100": 0.93, "Bias effect": 1.5626725419183236}