{"Seed": 4, "Prop. class 1": 0.05, "Sel. bias": 0, "Method": "Label_spreading", "Test set": "future", "pr": 0.0, "AUPRC": 0.18579062496096146, "p.50": 0.28, "p.100": 0.22, "Bias effect": 1.2829366217737306}