{"Seed": 32, "Prop. class 1": 0.05, "Sel. bias": 0, "Method": "Label_spreading", "Test set": "future", "pr": 0.0, "AUPRC": 0.41390948023808016, "p.50": 0.76, "p.100": 0.71, "Bias effect": 1.3194404484438513}