{"Seed": 1, "Prop. class 1": 0.05, "Sel. bias": 0, "Method": "Semi-supervised", "Test set": "future", "pr": 1.0, "AUPRC": 0.2725075722450923, "p.50": 0.58, "p.100": 0.53, "Bias effect": 1.1766614137059446}