{"Seed": 38, "Prop. class 1": 0.05, "Sel. bias": 0, "Method": "traditional", "Test set": "future", "pr": 0.5588235294117647, "AUPRC": 0.2825710259536761, "p.50": 0.5, "p.100": 0.47, "Bias effect": 1.061346295727972}