{"Seed": 25, "Prop. class 1": 0.5, "Sel. bias": 0.95, "Method": "traditional", "Test set": "future", "pr": 0.5755175767680978, "AUPRC": 0.6869523702968376, "p.50": 0.86, "p.100": 0.88, "Bias effect": 1.7625263310520805}