{"Seed": 33, "Prop. class 1": 0.05, "Sel. bias": 0.5, "Method": "Veenman", "Test set": "future", "pr": 0.5760869565217391, "AUPRC": 0.3382914817121779, "p.50": 0.58, "p.100": 0.6, "Bias effect": 0.9526003628701257}