{"Seed": 18, "Prop. class 1": 0.5, "Sel. bias": 0.5, "Method": "Veenman", "Test set": "future", "pr": 0.8653846153846154, "AUPRC": 0.6542499376702856, "p.50": 0.92, "p.100": 0.92, "Bias effect": 2.1629386098830548}