{"Seed": 9, "Prop. class 1": 0.5, "Sel. bias": 0.5, "Method": "traditional", "Test set": "future", "pr": 0.7805625174046227, "AUPRC": 0.7936727642640574, "p.50": 1.0, "p.100": 0.98, "Bias effect": 1.7451134400918582}