{"Seed": 30, "Prop. class 1": 0.5, "Sel. bias": 0.95, "Method": "Self_Learning", "Test set": "future", "pr": 0.6745149335077393, "AUPRC": 0.6907257323458262, "p.50": 0.88, "p.100": 0.86, "Bias effect": 1.7418575898878774}