{"Seed": 15, "Prop. class 1": 0.05, "Sel. bias": 0, "Method": "Veenman", "Test set": "future", "pr": 0.0, "AUPRC": 0.1793521598057028, "p.50": 0.42, "p.100": 0.29, "Bias effect": 1.4040952933027089}