{"Seed": 8, "Prop. class 1": 0.5, "Sel. bias": 0.5, "Method": "Self_Learning", "Test set": "future", "pr": 0.7103033615742006, "AUPRC": 0.7261634365825547, "p.50": 1.0, "p.100": 0.96, "Bias effect": 1.5298326762740742}