{"Seed": 16, "Prop. class 1": 0.05, "Sel. bias": 0.95, "Method": "Label_spreading", "Test set": "future", "pr": 0.0501, "AUPRC": 0.36309274428535426, "p.50": 0.66, "p.100": 0.59, "Bias effect": 1.3726807995778305}