{"Seed": 8, "Prop. class 1": 0.5, "Sel. bias": 0.5, "Method": "Label_spreading", "Test set": "future", "pr": 0.9738219895287958, "AUPRC": 0.8381144380826253, "p.50": 1.0, "p.100": 1.0, "Bias effect": 2.088765984930617}