{"Seed": 9, "Prop. class 1": 0.05, "Sel. bias": 0.95, "Method": "Self_Learning", "Test set": "future", "pr": 0.07776369971491923, "AUPRC": 0.3083399592984512, "p.50": 0.5, "p.100": 0.47, "Bias effect": 0.9199864903233032}