{"Seed": 33, "Prop. class 1": 0.5, "Sel. bias": 0, "Method": "Veenman", "Test set": "future", "pr": 0.8174931129476584, "AUPRC": 0.7287967117205724, "p.50": 0.94, "p.100": 0.93, "Bias effect": 1.5214748162187306}