{"Seed": 15, "Prop. class 1": 0.05, "Sel. bias": 0, "Method": "Label_Propagation", "Test set": "future", "pr": 0.0, "AUPRC": 0.2600979451375277, "p.50": 0.5, "p.100": 0.42, "Bias effect": 1.823791283837953}