{"Seed": 36, "Prop. class 1": 0.5, "Sel. bias": 0, "Method": "Label_spreading", "Test set": "future", "pr": 0.9064558629776021, "AUPRC": 0.8557637091396535, "p.50": 1.0, "p.100": 1.0, "Bias effect": 2.1186894631520077}