{"Seed": 29, "Prop. class 1": 0.05, "Sel. bias": 0.5, "Method": "Semi-supervised", "Test set": "future", "pr": 0.5625, "AUPRC": 0.30788892199627416, "p.50": 0.58, "p.100": 0.56, "Bias effect": 0.8578284641448428}