{"Seed": 29, "Prop. class 1": 0.5, "Sel. bias": 0.5, "Method": "Veenman", "Test set": "future", "pr": 0.8773841961852861, "AUPRC": 0.6457221174993546, "p.50": 0.88, "p.100": 0.92, "Bias effect": 2.1698592153134877}