{"Seed": 16, "Prop. class 1": 0.05, "Sel. bias": 0, "Method": "Label_spreading", "Test set": "future", "pr": 1.0, "AUPRC": 0.18069937272239317, "p.50": 0.28, "p.100": 0.31, "Bias effect": 1.4155878968077766}