{"Seed": 18, "Prop. class 1": 0.05, "Sel. bias": 0.95, "Method": "Veenman", "Test set": "future", "pr": 0.5297297297297298, "AUPRC": 0.37492277178624367, "p.50": 0.66, "p.100": 0.62, "Bias effect": 0.933912973186002}