{"Seed": 26, "Prop. class 1": 0.05, "Sel. bias": 0.5, "Method": "Semi-supervised", "Test set": "future", "pr": 0.6268656716417911, "AUPRC": 0.3059213894928743, "p.50": 0.66, "p.100": 0.57, "Bias effect": 0.980281062555808}