{"Seed": 19, "Prop. class 1": 0.5, "Sel. bias": 0.95, "Method": "Label_Propagation", "Test set": "future", "pr": 0.4995, "AUPRC": 0.7366972818785871, "p.50": 0.98, "p.100": 0.94, "Bias effect": 2.2965892914934876}