{"Seed": 4, "Prop. class 1": 0.05, "Sel. bias": 0.5, "Method": "Veenman", "Test set": "future", "pr": 0.5230769230769231, "AUPRC": 0.2836714509472041, "p.50": 0.66, "p.100": 0.52, "Bias effect": 0.92058306144987}