{"Seed": 5, "Prop. class 1": 0.05, "Sel. bias": 0, "Method": "traditional", "Test set": "future", "pr": 0.5, "AUPRC": 0.19009147665993223, "p.50": 0.38, "p.100": 0.37, "Bias effect": 1.4005304129476666}