{"Seed": 34, "Prop. class 1": 0.05, "Sel. bias": 0.5, "Method": "Self_Learning", "Test set": "future", "pr": 0.23010244286840031, "AUPRC": 0.28416823898917704, "p.50": 0.46, "p.100": 0.42, "Bias effect": 0.9080622570264938}