{"Seed": 33, "Prop. class 1": 0.5, "Sel. bias": 0, "Method": "Label_spreading", "Test set": "future", "pr": 0.7405963749756382, "AUPRC": 0.8311836300597323, "p.50": 1.0, "p.100": 1.0, "Bias effect": 2.1682054802794086}