{"Seed": 9, "Prop. class 1": 0.5, "Sel. bias": 0.5, "Method": "Self_Learning", "Test set": "future", "pr": 0.7763839650940824, "AUPRC": 0.7920761066262193, "p.50": 1.0, "p.100": 0.98, "Bias effect": 1.6527375376705236}