{"Seed": 5, "Prop. class 1": 0.5, "Sel. bias": 0, "Method": "Label_Propagation", "Test set": "future", "pr": 0.5011521891594028, "AUPRC": 0.8137773978006726, "p.50": 1.0, "p.100": 1.0, "Bias effect": 2.0813277343473624}