{"Seed": 13, "Prop. class 1": 0.5, "Sel. bias": 0, "Method": "Label_spreading", "Test set": "future", "pr": 0.7602706621556308, "AUPRC": 0.7831398533404412, "p.50": 0.92, "p.100": 0.92, "Bias effect": 1.7101110446705006}