{"Seed": 5, "Prop. class 1": 0.05, "Sel. bias": 0.95, "Method": "Self_Learning", "Test set": "future", "pr": 0.07246807246807246, "AUPRC": 0.24938620008695458, "p.50": 0.52, "p.100": 0.41, "Bias effect": 1.130025239930536}