{"Seed": 30, "Prop. class 1": 0.5, "Sel. bias": 0, "Method": "Label_spreading", "Test set": "future", "pr": 0.7975797579757976, "AUPRC": 0.8025107517670734, "p.50": 0.98, "p.100": 0.95, "Bias effect": 1.7634382135195237}