{"Seed": 4, "Prop. class 1": 0.5, "Sel. bias": 0, "Method": "Veenman", "Test set": "future", "pr": 0.8333333333333334, "AUPRC": 0.7102415454434701, "p.50": 0.92, "p.100": 0.91, "Bias effect": 1.2355421973045349}