{"Seed": 38, "Prop. class 1": 0.5, "Sel. bias": 0, "Method": "traditional", "Test set": "future", "pr": 0.7434684221353631, "AUPRC": 0.812244445454453, "p.50": 1.0, "p.100": 0.98, "Bias effect": 1.6037723148945953}