{"Seed": 2, "Prop. class 1": 0.05, "Sel. bias": 0, "Method": "Label_spreading", "Test set": "future", "pr": 0.0, "AUPRC": 0.314666478004041, "p.50": 0.52, "p.100": 0.51, "Bias effect": 1.547086578280579}