{"Seed": 32, "Prop. class 1": 0.5, "Sel. bias": 0.95, "Method": "Veenman", "Test set": "future", "pr": 0.8801652892561983, "AUPRC": 0.661155992750144, "p.50": 0.94, "p.100": 0.96, "Bias effect": 1.9418418953811256}