{"Seed": 19, "Prop. class 1": 0.05, "Sel. bias": 0.5, "Method": "Self_Learning", "Test set": "future", "pr": 0.5, "AUPRC": 0.3227561125045969, "p.50": 0.64, "p.100": 0.59, "Bias effect": 0.8115838408372182}