{"Seed": 17, "Prop. class 1": 0.05, "Sel. bias": 0, "Method": "Label_spreading", "Test set": "future", "pr": 0.0, "AUPRC": 0.45600601738007335, "p.50": 0.8, "p.100": 0.75, "Bias effect": 1.322503201552621}