{"Seed": 9, "Prop. class 1": 0.5, "Sel. bias": 0, "Method": "traditional", "Test set": "future", "pr": 0.7361550632911392, "AUPRC": 0.8257421309911166, "p.50": 0.98, "p.100": 0.98, "Bias effect": 1.5813122504555386}