{"Seed": 42, "Prop. class 1": 0.5, "Sel. bias": 0.95, "Method": "traditional", "Test set": "future", "pr": 0.6739762219286658, "AUPRC": 0.669608574032467, "p.50": 0.72, "p.100": 0.76, "Bias effect": 1.7184712868304888}