{"Seed": 12, "Prop. class 1": 0.05, "Sel. bias": 0.5, "Method": "traditional", "Test set": "future", "pr": 0.12637718729747247, "AUPRC": 0.23697988114391538, "p.50": 0.52, "p.100": 0.46, "Bias effect": 1.1068479674529126}