{"Seed": 21, "Prop. class 1": 0.5, "Sel. bias": 0.95, "Method": "Self_Learning", "Test set": "future", "pr": 0.6044024182297318, "AUPRC": 0.6804497828323015, "p.50": 0.82, "p.100": 0.85, "Bias effect": 1.6667079871740083}