{"Seed": 36, "Prop. class 1": 0.05, "Sel. bias": 0.95, "Method": "Veenman", "Test set": "future", "pr": 0.7272727272727273, "AUPRC": 0.39700136103542405, "p.50": 0.74, "p.100": 0.65, "Bias effect": 0.9201013490023565}