{"Seed": 26, "Prop. class 1": 0.05, "Sel. bias": 0.5, "Method": "Label_spreading", "Test set": "future", "pr": 0.12403816558941212, "AUPRC": 0.2938956106210132, "p.50": 0.62, "p.100": 0.54, "Bias effect": 1.567085793017383}