{"Seed": 18, "Prop. class 1": 0.5, "Sel. bias": 0.5, "Method": "Label_spreading", "Test set": "future", "pr": 1.0, "AUPRC": 0.8604165072869517, "p.50": 1.0, "p.100": 0.99, "Bias effect": 2.103620680079866}