{"Seed": 41, "Prop. class 1": 0.05, "Sel. bias": 0.95, "Method": "Veenman", "Test set": "future", "pr": 0.5846153846153846, "AUPRC": 0.3836860643326282, "p.50": 0.56, "p.100": 0.6, "Bias effect": 0.9264593293793356}