{"Seed": 42, "Prop. class 1": 0.5, "Sel. bias": 0.95, "Method": "Veenman", "Test set": "future", "pr": 0.8021534320323015, "AUPRC": 0.6491171426626974, "p.50": 0.92, "p.100": 0.88, "Bias effect": 1.942383138301353}