{"Seed": 31, "Prop. class 1": 0.05, "Sel. bias": 0.5, "Method": "Label_Propagation", "Test set": "future", "pr": 0.05002000800320128, "AUPRC": 0.36608013596975253, "p.50": 0.72, "p.100": 0.63, "Bias effect": 1.2059178555971173}