{"Seed": 19, "Prop. class 1": 0.05, "Sel. bias": 0.95, "Method": "Label_spreading", "Test set": "future", "pr": 0.0501, "AUPRC": 0.50163087954696, "p.50": 0.82, "p.100": 0.77, "Bias effect": 1.1483413590261475}