{"Seed": 41, "Prop. class 1": 0.05, "Sel. bias": 0, "Method": "Semi-supervised", "Test set": "future", "pr": 0.23529411764705882, "AUPRC": 0.22224133110806313, "p.50": 0.3, "p.100": 0.33, "Bias effect": 1.1365123388430964}