{"Seed": 16, "Prop. class 1": 0.5, "Sel. bias": 0.95, "Method": "Semi-supervised", "Test set": "future", "pr": 0.7662337662337663, "AUPRC": 0.6166125068787691, "p.50": 0.88, "p.100": 0.87, "Bias effect": 1.9412300018917696}