{"Seed": 43, "Prop. class 1": 0.05, "Sel. bias": 0.95, "Method": "traditional", "Test set": "future", "pr": 0.057240984544934176, "AUPRC": 0.3206629302865039, "p.50": 0.66, "p.100": 0.54, "Bias effect": 1.0535158582426405}