{"Seed": 2, "Prop. class 1": 0.5, "Sel. bias": 0, "Method": "Label_spreading", "Test set": "future", "pr": 0.6646933819064966, "AUPRC": 0.8211351262961468, "p.50": 1.0, "p.100": 0.98, "Bias effect": 2.2192891056796538}