{"Seed": 0, "Prop. class 1": 0.5, "Sel. bias": 0.5, "Method": "Self_Learning", "Test set": "future", "pr": 0.7811178957256928, "AUPRC": 0.7208306975924083, "p.50": 0.96, "p.100": 0.94, "Bias effect": 2.0396847933607076}