{"Seed": 7, "Prop. class 1": 0.5, "Sel. bias": 0.5, "Method": "Self_Learning", "Test set": "future", "pr": 0.7674574006014033, "AUPRC": 0.7606841920651147, "p.50": 1.0, "p.100": 0.98, "Bias effect": 1.7624914442041864}