{"Seed": 12, "Prop. class 1": 0.05, "Sel. bias": 0.5, "Method": "Semi-supervised", "Test set": "future", "pr": 0.48695652173913045, "AUPRC": 0.291124578322883, "p.50": 0.54, "p.100": 0.54, "Bias effect": 1.0657493759897956}