{"Seed": 40, "Prop. class 1": 0.5, "Sel. bias": 0.95, "Method": "Veenman", "Test set": "future", "pr": 0.8021108179419525, "AUPRC": 0.6800914291733415, "p.50": 0.84, "p.100": 0.85, "Bias effect": 2.042707744206996}