{"Seed": 22, "Prop. class 1": 0.5, "Sel. bias": 0.5, "Method": "Label_spreading", "Test set": "future", "pr": 0.8826318909306461, "AUPRC": 0.8016405880631291, "p.50": 0.96, "p.100": 0.97, "Bias effect": 1.551836272479006}