{"Seed": 5, "Prop. class 1": 0.05, "Sel. bias": 0, "Method": "Label_spreading", "Test set": "future", "pr": 0.0, "AUPRC": 0.2461076284547461, "p.50": 0.52, "p.100": 0.46, "Bias effect": 1.7852807852987624}