{"Seed": 43, "Prop. class 1": 0.05, "Sel. bias": 0, "Method": "Veenman", "Test set": "future", "pr": 1.0, "AUPRC": 0.20913623007874194, "p.50": 0.44, "p.100": 0.36, "Bias effect": 1.0387120024932646}