{"Seed": 26, "Prop. class 1": 0.05, "Sel. bias": 0.5, "Method": "Veenman", "Test set": "future", "pr": 1.0, "AUPRC": 0.31855360735326815, "p.50": 0.72, "p.100": 0.52, "Bias effect": 1.0152074538469156}