{"Seed": 14, "Prop. class 1": 0.05, "Sel. bias": 0, "Method": "traditional", "Test set": "future", "pr": 0.3736842105263158, "AUPRC": 0.20018623312930395, "p.50": 0.48, "p.100": 0.44, "Bias effect": 1.1129975762038808}