{"Seed": 12, "Prop. class 1": 0.05, "Sel. bias": 0, "Method": "Label_Propagation", "Test set": "future", "pr": 0.2631578947368421, "AUPRC": 0.14377635334844668, "p.50": 0.34, "p.100": 0.26, "Bias effect": 1.2717249402218809}