{"Seed": 38, "Prop. class 1": 0.05, "Sel. bias": 0, "Method": "Semi-supervised", "Test set": "future", "pr": 0.3867924528301887, "AUPRC": 0.21912621399059334, "p.50": 0.38, "p.100": 0.4, "Bias effect": 1.1305995819571157}