{"Seed": 0, "Prop. class 1": 0.05, "Sel. bias": 0, "Method": "Label_spreading", "Test set": "future", "pr": 0.0, "AUPRC": 0.2435813562975004, "p.50": 0.48, "p.100": 0.41, "Bias effect": 1.6771850118131075}