{"Seed": 9, "Prop. class 1": 0.05, "Sel. bias": 0.5, "Method": "Self_Learning", "Test set": "future", "pr": 0.4, "AUPRC": 0.2996276333464291, "p.50": 0.56, "p.100": 0.46, "Bias effect": 0.7565819189439622}