{"Seed": 23, "Prop. class 1": 0.05, "Sel. bias": 0.95, "Method": "Self_Learning", "Test set": "future", "pr": 0.08050500081980652, "AUPRC": 0.29516572722992773, "p.50": 0.46, "p.100": 0.46, "Bias effect": 1.110027102117371}