{"Seed": 22, "Prop. class 1": 0.5, "Sel. bias": 0, "Method": "traditional", "Test set": "future", "pr": 0.7226720647773279, "AUPRC": 0.80003852739486, "p.50": 1.0, "p.100": 0.97, "Bias effect": 1.8104691724286792}