{"Seed": 35, "Prop. class 1": 0.5, "Sel. bias": 0.95, "Method": "traditional", "Test set": "future", "pr": 0.6078217513244001, "AUPRC": 0.7052944298710384, "p.50": 0.88, "p.100": 0.88, "Bias effect": 1.595037533585743}