{"Seed": 7, "Prop. class 1": 0.5, "Sel. bias": 0.95, "Method": "Veenman", "Test set": "future", "pr": 0.7941605839416058, "AUPRC": 0.6454187783901542, "p.50": 0.9, "p.100": 0.92, "Bias effect": 1.8036541312908227}