{"Seed": 43, "Prop. class 1": 0.05, "Sel. bias": 0, "Method": "Label_Propagation", "Test set": "future", "pr": 0.0, "AUPRC": 0.3670034800880317, "p.50": 0.76, "p.100": 0.58, "Bias effect": 1.2784821082559634}