{"Seed": 15, "Prop. class 1": 0.5, "Sel. bias": 0, "Method": "traditional", "Test set": "future", "pr": 0.7544187980869204, "AUPRC": 0.8236793691963694, "p.50": 1.0, "p.100": 1.0, "Bias effect": 1.6880068759474678}