{"Seed": 3, "Prop. class 1": 0.5, "Sel. bias": 0, "Method": "Semi-supervised", "Test set": "future", "pr": 0.9596774193548387, "AUPRC": 0.7427262715246714, "p.50": 1.0, "p.100": 0.95, "Bias effect": 1.3576260306238803}