{"Seed": 14, "Prop. class 1": 0.05, "Sel. bias": 0, "Method": "Label_spreading", "Test set": "future", "pr": 0.0, "AUPRC": 0.4129318400929297, "p.50": 0.76, "p.100": 0.65, "Bias effect": 1.3413391023942574}