{"Seed": 18, "Prop. class 1": 0.5, "Sel. bias": 0, "Method": "Veenman", "Test set": "future", "pr": 0.7091339048182087, "AUPRC": 0.7145477412005072, "p.50": 0.98, "p.100": 0.96, "Bias effect": 1.8527933027588654}