{"Seed": 39, "Prop. class 1": 0.5, "Sel. bias": 0.5, "Method": "Label_Propagation", "Test set": "future", "pr": 1.0, "AUPRC": 0.818938944413704, "p.50": 1.0, "p.100": 0.99, "Bias effect": 2.123168427136044}