{"Seed": 9, "Prop. class 1": 0.05, "Sel. bias": 0, "Method": "Label_spreading", "Test set": "future", "pr": 0.0, "AUPRC": 0.39900648186896487, "p.50": 0.7, "p.100": 0.61, "Bias effect": 1.3782700443047669}