{"Seed": 6, "Prop. class 1": 0.5, "Sel. bias": 0.5, "Method": "Self_Learning", "Test set": "future", "pr": 0.7512842465753424, "AUPRC": 0.7140794080638734, "p.50": 0.92, "p.100": 0.93, "Bias effect": 1.6560123248294767}