{"Seed": 10, "Prop. class 1": 0.05, "Sel. bias": 0, "Method": "traditional", "Test set": "future", "pr": 0.25287356321839083, "AUPRC": 0.14505078629393345, "p.50": 0.3, "p.100": 0.27, "Bias effect": 1.4202919879108322}