{"Seed": 26, "Prop. class 1": 0.05, "Sel. bias": 0, "Method": "Label_Propagation", "Test set": "future", "pr": 0.0, "AUPRC": 0.283815193449588, "p.50": 0.44, "p.100": 0.47, "Bias effect": 1.5374693051484059}