{"Seed": 23, "Prop. class 1": 0.05, "Sel. bias": 0.5, "Method": "Veenman", "Test set": "future", "pr": 1.0, "AUPRC": 0.3622251909300419, "p.50": 0.64, "p.100": 0.57, "Bias effect": 0.9310189189741571}