{"Seed": 31, "Prop. class 1": 0.5, "Sel. bias": 0, "Method": "Self_Learning", "Test set": "future", "pr": 0.7129248197734295, "AUPRC": 0.721103998402584, "p.50": 0.94, "p.100": 0.93, "Bias effect": 1.40643049255353}