{"Seed": 19, "Prop. class 1": 0.5, "Sel. bias": 0.95, "Method": "traditional", "Test set": "future", "pr": 0.5348201596151744, "AUPRC": 0.7439093939078474, "p.50": 1.0, "p.100": 0.99, "Bias effect": 1.7077402156881203}