{"Seed": 26, "Prop. class 1": 0.05, "Sel. bias": 0.5, "Method": "Self_Learning", "Test set": "future", "pr": 0.12867981790591806, "AUPRC": 0.2709651546609606, "p.50": 0.62, "p.100": 0.46, "Bias effect": 1.1242622833700169}