{"Seed": 1, "Prop. class 1": 0.5, "Sel. bias": 0, "Method": "traditional", "Test set": "future", "pr": 0.7400159744408946, "AUPRC": 0.819764339508497, "p.50": 1.0, "p.100": 0.99, "Bias effect": 1.732944935290357}