{"Seed": 9, "Prop. class 1": 0.5, "Sel. bias": 0.95, "Method": "Self_Learning", "Test set": "future", "pr": 0.6868837765162832, "AUPRC": 0.6929261862698689, "p.50": 0.94, "p.100": 0.88, "Bias effect": 1.8958664958669353}