{"Seed": 39, "Prop. class 1": 0.05, "Sel. bias": 0.5, "Method": "Self_Learning", "Test set": "future", "pr": 0.10483460559796437, "AUPRC": 0.22307981629424997, "p.50": 0.48, "p.100": 0.42, "Bias effect": 1.2214590496707451}