{"Seed": 40, "Prop. class 1": 0.5, "Sel. bias": 0.5, "Method": "Self_Learning", "Test set": "future", "pr": 0.7864321608040201, "AUPRC": 0.7422366328099441, "p.50": 0.98, "p.100": 0.95, "Bias effect": 2.0946760231253303}