{"Seed": 14, "Prop. class 1": 0.05, "Sel. bias": 0.95, "Method": "Label_Propagation", "Test set": "future", "pr": 0.05, "AUPRC": 0.45715328149259743, "p.50": 0.86, "p.100": 0.74, "Bias effect": 1.211200660038214}