{"Seed": 38, "Prop. class 1": 0.05, "Sel. bias": 0.5, "Method": "Self_Learning", "Test set": "future", "pr": 0.6050420168067226, "AUPRC": 0.39163279258154704, "p.50": 0.72, "p.100": 0.66, "Bias effect": 0.8106359883827531}