{"Seed": 40, "Prop. class 1": 0.05, "Sel. bias": 0.95, "Method": "Semi-supervised", "Test set": "future", "pr": 0.5757575757575758, "AUPRC": 0.3443642956701195, "p.50": 0.58, "p.100": 0.52, "Bias effect": 0.902491158378456}