{"Seed": 0, "Prop. class 1": 0.05, "Sel. bias": 0.95, "Method": "traditional", "Test set": "future", "pr": 0.07010279840091377, "AUPRC": 0.18314365420732387, "p.50": 0.42, "p.100": 0.35, "Bias effect": 1.0289727994933184}