{"Seed": 43, "Prop. class 1": 0.5, "Sel. bias": 0.5, "Method": "Veenman", "Test set": "future", "pr": 0.8307692307692308, "AUPRC": 0.6453100147105163, "p.50": 0.96, "p.100": 0.93, "Bias effect": 2.127849441857711}