{"Seed": 30, "Prop. class 1": 0.05, "Sel. bias": 0, "Method": "Label_spreading", "Test set": "future", "pr": 0.0, "AUPRC": 0.43541793805762774, "p.50": 0.7, "p.100": 0.65, "Bias effect": 1.2088596029396885}