{"Seed": 32, "Prop. class 1": 0.5, "Sel. bias": 0.5, "Method": "Self_Learning", "Test set": "future", "pr": 0.8334485141672425, "AUPRC": 0.7388405153474527, "p.50": 0.98, "p.100": 0.97, "Bias effect": 2.0594040341218016}