{"Seed": 24, "Prop. class 1": 0.05, "Sel. bias": 0.5, "Method": "traditional", "Test set": "future", "pr": 0.13194444444444445, "AUPRC": 0.21392368409995163, "p.50": 0.44, "p.100": 0.35, "Bias effect": 0.8685924141067494}