{"Seed": 19, "Prop. class 1": 0.05, "Sel. bias": 0.95, "Method": "Semi-supervised", "Test set": "future", "pr": 0.6634615384615384, "AUPRC": 0.4153835625630999, "p.50": 0.74, "p.100": 0.66, "Bias effect": 0.883607291891434}