{"Seed": 16, "Prop. class 1": 0.5, "Sel. bias": 0, "Method": "Label_Propagation", "Test set": "future", "pr": 0.5996449178872614, "AUPRC": 0.6740456529797176, "p.50": 0.72, "p.100": 0.73, "Bias effect": 0.825661937370216}