{"Seed": 16, "Prop. class 1": 0.05, "Sel. bias": 0.95, "Method": "Semi-supervised", "Test set": "future", "pr": 0.5114942528735632, "AUPRC": 0.3427631399258487, "p.50": 0.68, "p.100": 0.56, "Bias effect": 0.8790042640629059}