{"Seed": 13, "Prop. class 1": 0.5, "Sel. bias": 0.95, "Method": "Self_Learning", "Test set": "future", "pr": 0.726930963773069, "AUPRC": 0.7104594673348967, "p.50": 0.92, "p.100": 0.92, "Bias effect": 1.8160914802529051}