{"Seed": 40, "Prop. class 1": 0.5, "Sel. bias": 0, "Method": "Veenman", "Test set": "future", "pr": 0.0, "AUPRC": 0.7036717657550839, "p.50": 0.88, "p.100": 0.91, "Bias effect": 1.1683789682500851}