{"Seed": 36, "Prop. class 1": 0.5, "Sel. bias": 0.5, "Method": "Self_Learning", "Test set": "future", "pr": 0.8789473684210526, "AUPRC": 0.7768249492311159, "p.50": 0.96, "p.100": 0.95, "Bias effect": 2.167282684460972}