{"Seed": 29, "Prop. class 1": 0.05, "Sel. bias": 0, "Method": "traditional", "Test set": "future", "pr": 0.6410256410256411, "AUPRC": 0.2548635361020062, "p.50": 0.58, "p.100": 0.45, "Bias effect": 1.3080903606123153}