{"Seed": 21, "Prop. class 1": 0.5, "Sel. bias": 0.5, "Method": "traditional", "Test set": "future", "pr": 0.8058076225045372, "AUPRC": 0.7468431444521894, "p.50": 1.0, "p.100": 0.99, "Bias effect": 2.0185576588316567}