{"Seed": 34, "Prop. class 1": 0.5, "Sel. bias": 0, "Method": "Label_Propagation", "Test set": "future", "pr": 0.6070340274250888, "AUPRC": 0.8421071540222558, "p.50": 1.0, "p.100": 1.0, "Bias effect": 2.1718596567681576}