{"Seed": 7, "Prop. class 1": 0.05, "Sel. bias": 0.5, "Method": "Veenman", "Test set": "future", "pr": 0.0, "AUPRC": 0.2991159009315781, "p.50": 0.52, "p.100": 0.49, "Bias effect": 1.0230265367772626}