{"Seed": 24, "Prop. class 1": 0.5, "Sel. bias": 0.5, "Method": "traditional", "Test set": "future", "pr": 0.8269141531322506, "AUPRC": 0.767497437883937, "p.50": 0.98, "p.100": 0.98, "Bias effect": 1.91432595982472}