{"Seed": 17, "Prop. class 1": 0.5, "Sel. bias": 0.95, "Method": "traditional", "Test set": "future", "pr": 0.5814330049925786, "AUPRC": 0.6841271001522485, "p.50": 0.76, "p.100": 0.77, "Bias effect": 1.4628167059923274}