{"Seed": 38, "Prop. class 1": 0.05, "Sel. bias": 0.95, "Method": "Veenman", "Test set": "future", "pr": 0.75, "AUPRC": 0.42485196467668485, "p.50": 0.74, "p.100": 0.7, "Bias effect": 0.9474160185944139}