{"Seed": 27, "Prop. class 1": 0.5, "Sel. bias": 0.95, "Method": "Label_spreading", "Test set": "future", "pr": 0.5, "AUPRC": 0.7719873895054379, "p.50": 0.98, "p.100": 0.92, "Bias effect": 2.206740464213403}