{"Seed": 4, "Prop. class 1": 0.05, "Sel. bias": 0.95, "Method": "Veenman", "Test set": "future", "pr": 0.6, "AUPRC": 0.3563909656634839, "p.50": 0.6, "p.100": 0.56, "Bias effect": 0.9353310320627665}