{"Seed": 22, "Prop. class 1": 0.5, "Sel. bias": 0.95, "Method": "traditional", "Test set": "future", "pr": 0.6248115767259572, "AUPRC": 0.7304709668113767, "p.50": 0.98, "p.100": 0.97, "Bias effect": 1.752869648801103}