{"Seed": 8, "Prop. class 1": 0.5, "Sel. bias": 0.5, "Method": "Semi-supervised", "Test set": "future", "pr": 0.8004434589800443, "AUPRC": 0.6568798245803641, "p.50": 0.9, "p.100": 0.86, "Bias effect": 2.17549537693204}