{"Seed": 21, "Prop. class 1": 0.5, "Sel. bias": 0.5, "Method": "Veenman", "Test set": "future", "pr": 0.8156424581005587, "AUPRC": 0.6266427650481983, "p.50": 0.9, "p.100": 0.9, "Bias effect": 2.2074740202375733}