{"Seed": 5, "Prop. class 1": 0.05, "Sel. bias": 0.95, "Method": "Veenman", "Test set": "future", "pr": 0.47368421052631576, "AUPRC": 0.29267011196489157, "p.50": 0.56, "p.100": 0.46, "Bias effect": 1.0247753444278738}