{"Seed": 20, "Prop. class 1": 0.5, "Sel. bias": 0.5, "Method": "Semi-supervised", "Test set": "future", "pr": 0.7745664739884393, "AUPRC": 0.6157920626887752, "p.50": 0.82, "p.100": 0.81, "Bias effect": 2.170212556818331}