{"Seed": 36, "Prop. class 1": 0.5, "Sel. bias": 0.5, "Method": "Label_Propagation", "Test set": "future", "pr": 0.0, "AUPRC": 0.8223255627611548, "p.50": 0.98, "p.100": 0.98, "Bias effect": 2.147336919500295}