{"Seed": 36, "Prop. class 1": 0.05, "Sel. bias": 0, "Method": "traditional", "Test set": "future", "pr": 0.34415584415584416, "AUPRC": 0.22593512242318603, "p.50": 0.46, "p.100": 0.38, "Bias effect": 1.425281419553854}