{"Seed": 16, "Prop. class 1": 0.5, "Sel. bias": 0, "Method": "Veenman", "Test set": "future", "pr": 1.0, "AUPRC": 0.7126582283404463, "p.50": 0.94, "p.100": 0.9, "Bias effect": 1.1113961741911411}