{"Seed": 21, "Prop. class 1": 0.05, "Sel. bias": 0, "Method": "Veenman", "Test set": "future", "pr": 0.48148148148148145, "AUPRC": 0.20780579510729655, "p.50": 0.44, "p.100": 0.39, "Bias effect": 1.2514847911836782}