{"Seed": 29, "Prop. class 1": 0.5, "Sel. bias": 0.95, "Method": "Semi-supervised", "Test set": "future", "pr": 0.8312958435207825, "AUPRC": 0.631979629035143, "p.50": 0.9, "p.100": 0.86, "Bias effect": 1.8848240790516873}