{"Seed": 38, "Prop. class 1": 0.05, "Sel. bias": 0.95, "Method": "Semi-supervised", "Test set": "future", "pr": 0.6857142857142857, "AUPRC": 0.437962795371483, "p.50": 0.68, "p.100": 0.73, "Bias effect": 0.9491552148204573}