{"Seed": 3, "Prop. class 1": 0.5, "Sel. bias": 0.95, "Method": "Self_Learning", "Test set": "future", "pr": 0.7127390833634067, "AUPRC": 0.7107635023898671, "p.50": 0.94, "p.100": 0.94, "Bias effect": 1.6655513693180415}