{"Seed": 2, "Prop. class 1": 0.5, "Sel. bias": 0.5, "Method": "Veenman", "Test set": "future", "pr": 0.8257142857142857, "AUPRC": 0.6393617941822183, "p.50": 0.9, "p.100": 0.89, "Bias effect": 2.0892193584709577}