{"Seed": 3, "Prop. class 1": 0.05, "Sel. bias": 0.5, "Method": "Label_spreading", "Test set": "future", "pr": 0.11013011152416356, "AUPRC": 0.3711378459263763, "p.50": 0.74, "p.100": 0.59, "Bias effect": 1.3599882742483043}