{"Seed": 41, "Prop. class 1": 0.05, "Sel. bias": 0.95, "Method": "Label_Propagation", "Test set": "future", "pr": 0.05, "AUPRC": 0.4554886491784073, "p.50": 0.76, "p.100": 0.72, "Bias effect": 1.2273714727263185}