{"Seed": 39, "Prop. class 1": 0.5, "Sel. bias": 0, "Method": "Semi-supervised", "Test set": "future", "pr": 0.8628841607565012, "AUPRC": 0.7751778134229084, "p.50": 0.98, "p.100": 0.95, "Bias effect": 1.6483124312184387}