{"Seed": 41, "Prop. class 1": 0.5, "Sel. bias": 0.95, "Method": "Label_Propagation", "Test set": "future", "pr": 0.4998, "AUPRC": 0.7397728028790554, "p.50": 0.98, "p.100": 0.96, "Bias effect": 2.319354813629272}