{"Seed": 4, "Prop. class 1": 0.5, "Sel. bias": 0.5, "Method": "Veenman", "Test set": "future", "pr": 0.8722826086956522, "AUPRC": 0.647333544128593, "p.50": 0.94, "p.100": 0.9, "Bias effect": 2.141566916632746}