{"Seed": 41, "Prop. class 1": 0.5, "Sel. bias": 0, "Method": "Label_Propagation", "Test set": "future", "pr": 0.5016061031921301, "AUPRC": 0.8305869221892512, "p.50": 0.98, "p.100": 0.98, "Bias effect": 1.8385622123712042}