{"Seed": 22, "Prop. class 1": 0.5, "Sel. bias": 0.5, "Method": "Semi-supervised", "Test set": "future", "pr": 0.8165829145728644, "AUPRC": 0.6293142043290183, "p.50": 0.98, "p.100": 0.92, "Bias effect": 2.053893837275971}