{"Seed": 18, "Prop. class 1": 0.5, "Sel. bias": 0, "Method": "Label_spreading", "Test set": "future", "pr": 0.7954648526077097, "AUPRC": 0.8437225541253275, "p.50": 1.0, "p.100": 0.97, "Bias effect": 2.1384577115069807}