{"Seed": 27, "Prop. class 1": 0.05, "Sel. bias": 0.95, "Method": "traditional", "Test set": "future", "pr": 0.07053763440860215, "AUPRC": 0.33319808500112874, "p.50": 0.66, "p.100": 0.58, "Bias effect": 0.9587974096240182}