{"Seed": 4, "Prop. class 1": 0.05, "Sel. bias": 0.95, "Method": "Semi-supervised", "Test set": "future", "pr": 0.7058823529411765, "AUPRC": 0.36446291388143115, "p.50": 0.7, "p.100": 0.61, "Bias effect": 0.9851307534006881}