{"Seed": 7, "Prop. class 1": 0.5, "Sel. bias": 0.95, "Method": "Self_Learning", "Test set": "future", "pr": 0.6622769753610875, "AUPRC": 0.6903368777367466, "p.50": 0.88, "p.100": 0.88, "Bias effect": 1.7305361288389771}