{"Seed": 6, "Prop. class 1": 0.05, "Sel. bias": 0.5, "Method": "Label_Propagation", "Test set": "future", "pr": 0.27963917525773196, "AUPRC": 0.30851067533874355, "p.50": 0.62, "p.100": 0.58, "Bias effect": 1.374278284953188}