{"Seed": 34, "Prop. class 1": 0.05, "Sel. bias": 0.5, "Method": "Label_Propagation", "Test set": "future", "pr": 0.06374085684430512, "AUPRC": 0.3935751393991972, "p.50": 0.7, "p.100": 0.65, "Bias effect": 1.0233463667962839}