{"Seed": 13, "Prop. class 1": 0.5, "Sel. bias": 0, "Method": "traditional", "Test set": "future", "pr": 0.7451882845188285, "AUPRC": 0.8055115539371226, "p.50": 1.0, "p.100": 0.99, "Bias effect": 1.5767583507677778}