{"Seed": 34, "Prop. class 1": 0.5, "Sel. bias": 0.95, "Method": "traditional", "Test set": "future", "pr": 0.6339214751231919, "AUPRC": 0.724153360248426, "p.50": 0.9, "p.100": 0.91, "Bias effect": 1.7103918309445585}