{"Seed": 2, "Prop. class 1": 0.05, "Sel. bias": 0, "Method": "Self_Learning", "Test set": "future", "pr": 0.6, "AUPRC": 0.24694642173259243, "p.50": 0.56, "p.100": 0.44, "Bias effect": 1.0916992161098047}