{"Seed": 19, "Prop. class 1": 0.05, "Sel. bias": 0, "Method": "Veenman", "Test set": "future", "pr": 0.0, "AUPRC": 0.24847302302961133, "p.50": 0.6, "p.100": 0.53, "Bias effect": 0.8910354099175636}