{"Seed": 43, "Prop. class 1": 0.05, "Sel. bias": 0, "Method": "Semi-supervised", "Test set": "future", "pr": 0.5, "AUPRC": 0.21755346400947106, "p.50": 0.5, "p.100": 0.39, "Bias effect": 0.7530061073719818}