{"Seed": 17, "Prop. class 1": 0.5, "Sel. bias": 0.5, "Method": "traditional", "Test set": "future", "pr": 0.8310280373831775, "AUPRC": 0.7958794300079921, "p.50": 0.98, "p.100": 0.99, "Bias effect": 1.9104339539248327}