{"Seed": 5, "Prop. class 1": 0.05, "Sel. bias": 0, "Method": "Veenman", "Test set": "future", "pr": 0.0, "AUPRC": 0.15725312757879298, "p.50": 0.28, "p.100": 0.27, "Bias effect": 1.2925384948467078}