{"Seed": 19, "Prop. class 1": 0.5, "Sel. bias": 0, "Method": "Label_Propagation", "Test set": "future", "pr": 0.927719298245614, "AUPRC": 0.8312323471853571, "p.50": 0.98, "p.100": 0.98, "Bias effect": 1.923852854006025}