{"Seed": 29, "Prop. class 1": 0.5, "Sel. bias": 0.95, "Method": "Label_spreading", "Test set": "future", "pr": 0.4981, "AUPRC": 0.7922395925577652, "p.50": 0.98, "p.100": 0.97, "Bias effect": 2.2358714339376755}