{"Seed": 5, "Prop. class 1": 0.5, "Sel. bias": 0.95, "Method": "Label_spreading", "Test set": "future", "pr": 0.5002, "AUPRC": 0.7432457202129397, "p.50": 0.96, "p.100": 0.97, "Bias effect": 2.258420957839183}