{"Seed": 40, "Prop. class 1": 0.5, "Sel. bias": 0, "Method": "Semi-supervised", "Test set": "future", "pr": 0.9, "AUPRC": 0.7421744721753807, "p.50": 0.92, "p.100": 0.89, "Bias effect": 1.5161827810918402}