{"Seed": 42, "Prop. class 1": 0.5, "Sel. bias": 0, "Method": "Label_spreading", "Test set": "future", "pr": 0.7812582258489076, "AUPRC": 0.809221334068079, "p.50": 1.0, "p.100": 0.99, "Bias effect": 2.15250266025284}