{"Seed": 14, "Prop. class 1": 0.5, "Sel. bias": 0.95, "Method": "Veenman", "Test set": "future", "pr": 0.8560311284046692, "AUPRC": 0.6696476862778264, "p.50": 1.0, "p.100": 0.97, "Bias effect": 1.871465431598108}