{"Seed": 17, "Prop. class 1": 0.5, "Sel. bias": 0.5, "Method": "Self_Learning", "Test set": "future", "pr": 0.8262265016047684, "AUPRC": 0.7679789165833589, "p.50": 0.98, "p.100": 0.99, "Bias effect": 2.049755918597675}