{"Seed": 41, "Prop. class 1": 0.5, "Sel. bias": 0, "Method": "traditional", "Test set": "future", "pr": 0.7214620797498046, "AUPRC": 0.8062858598559264, "p.50": 1.0, "p.100": 1.0, "Bias effect": 1.584861532241609}