{"Seed": 35, "Prop. class 1": 0.5, "Sel. bias": 0.95, "Method": "Label_spreading", "Test set": "future", "pr": 0.5, "AUPRC": 0.7606185268003409, "p.50": 1.0, "p.100": 0.98, "Bias effect": 2.198664753926991}