{"Seed": 10, "Prop. class 1": 0.05, "Sel. bias": 0.95, "Method": "traditional", "Test set": "future", "pr": 0.07470570479927559, "AUPRC": 0.36856806267030856, "p.50": 0.66, "p.100": 0.58, "Bias effect": 0.8696529360264539}