{"Seed": 13, "Prop. class 1": 0.5, "Sel. bias": 0.95, "Method": "traditional", "Test set": "future", "pr": 0.6213379288735704, "AUPRC": 0.7126676755345758, "p.50": 0.98, "p.100": 0.9, "Bias effect": 1.3075474725768104}