{"Seed": 30, "Prop. class 1": 0.05, "Sel. bias": 0.95, "Method": "traditional", "Test set": "future", "pr": 0.07351638618246235, "AUPRC": 0.3520628702202132, "p.50": 0.58, "p.100": 0.6, "Bias effect": 0.9445392633759844}