{"Seed": 20, "Prop. class 1": 0.05, "Sel. bias": 0, "Method": "traditional", "Test set": "future", "pr": 0.5714285714285714, "AUPRC": 0.2618951835514207, "p.50": 0.56, "p.100": 0.5, "Bias effect": 1.2128635031695898}