{"Seed": 8, "Prop. class 1": 0.5, "Sel. bias": 0, "Method": "Veenman", "Test set": "future", "pr": 0.0, "AUPRC": 0.7223632143278741, "p.50": 0.88, "p.100": 0.88, "Bias effect": 1.1638250204017522}