{"Seed": 3, "Prop. class 1": 0.5, "Sel. bias": 0.5, "Method": "Semi-supervised", "Test set": "future", "pr": 0.8201284796573876, "AUPRC": 0.6340167807794413, "p.50": 0.9, "p.100": 0.93, "Bias effect": 2.046322851523049}