{"Seed": 18, "Prop. class 1": 0.05, "Sel. bias": 0.95, "Method": "Label_spreading", "Test set": "future", "pr": 0.0489, "AUPRC": 0.4071033966241502, "p.50": 0.68, "p.100": 0.68, "Bias effect": 1.250299150528119}