{"Seed": 16, "Prop. class 1": 0.5, "Sel. bias": 0, "Method": "Self_Learning", "Test set": "future", "pr": 0.7116026711185309, "AUPRC": 0.7761463258701351, "p.50": 1.0, "p.100": 0.95, "Bias effect": 1.5843523354040112}