{"Seed": 29, "Prop. class 1": 0.5, "Sel. bias": 0, "Method": "Label_Propagation", "Test set": "future", "pr": 0.7885304659498208, "AUPRC": 0.7337346690710542, "p.50": 0.72, "p.100": 0.74, "Bias effect": 0.6405500075715127}