{"Seed": 36, "Prop. class 1": 0.05, "Sel. bias": 0.5, "Method": "Label_Propagation", "Test set": "future", "pr": 0.10886252616887648, "AUPRC": 0.4062373404860494, "p.50": 0.8, "p.100": 0.65, "Bias effect": 1.157983600343866}