{"Seed": 34, "Prop. class 1": 0.05, "Sel. bias": 0.95, "Method": "Veenman", "Test set": "future", "pr": 0.7777777777777778, "AUPRC": 0.39921686438613535, "p.50": 0.64, "p.100": 0.62, "Bias effect": 0.7610381179345784}