{"Seed": 44, "Prop. class 1": 0.05, "Sel. bias": 0.95, "Method": "Self_Learning", "Test set": "future", "pr": 0.0715979839905129, "AUPRC": 0.31271432846500025, "p.50": 0.5, "p.100": 0.55, "Bias effect": 1.0678225474614647}