{"Seed": 33, "Prop. class 1": 0.5, "Sel. bias": 0.5, "Method": "Veenman", "Test set": "future", "pr": 0.8307692307692308, "AUPRC": 0.6330003772967489, "p.50": 0.88, "p.100": 0.85, "Bias effect": 2.1677950756913233}