{"Seed": 26, "Prop. class 1": 0.5, "Sel. bias": 0.5, "Method": "Veenman", "Test set": "future", "pr": 0.8461538461538461, "AUPRC": 0.6352548350689888, "p.50": 0.94, "p.100": 0.93, "Bias effect": 2.1186224342892035}