{"Seed": 3, "Prop. class 1": 0.5, "Sel. bias": 0, "Method": "Self_Learning", "Test set": "future", "pr": 0.7271280827366746, "AUPRC": 0.8011666148180732, "p.50": 1.0, "p.100": 0.98, "Bias effect": 1.439031120854773}