{"Seed": 26, "Prop. class 1": 0.5, "Sel. bias": 0.5, "Method": "Self_Learning", "Test set": "future", "pr": 0.8393977415307403, "AUPRC": 0.7477190608246898, "p.50": 1.0, "p.100": 0.96, "Bias effect": 1.9943822684289927}