{"Seed": 23, "Prop. class 1": 0.05, "Sel. bias": 0, "Method": "Veenman", "Test set": "future", "pr": 0.3853211009174312, "AUPRC": 0.2222361130778736, "p.50": 0.48, "p.100": 0.37, "Bias effect": 1.58629091660665}