{"Seed": 5, "Prop. class 1": 0.5, "Sel. bias": 0.5, "Method": "Veenman", "Test set": "future", "pr": 0.8683385579937304, "AUPRC": 0.6359949086676282, "p.50": 0.88, "p.100": 0.89, "Bias effect": 2.15965932248456}