{"Seed": 15, "Prop. class 1": 0.05, "Sel. bias": 0, "Method": "traditional", "Test set": "future", "pr": 0.5909090909090909, "AUPRC": 0.23960085138047643, "p.50": 0.58, "p.100": 0.47, "Bias effect": 1.590266276038785}