{"Seed": 10, "Prop. class 1": 0.5, "Sel. bias": 0.5, "Method": "Semi-supervised", "Test set": "future", "pr": 0.8484848484848485, "AUPRC": 0.6194262381274617, "p.50": 0.9, "p.100": 0.9, "Bias effect": 2.203200990819444}