{"Seed": 18, "Prop. class 1": 0.05, "Sel. bias": 0.5, "Method": "traditional", "Test set": "future", "pr": 0.13658176448874124, "AUPRC": 0.24345107033855332, "p.50": 0.48, "p.100": 0.49, "Bias effect": 1.0192133655060738}