{"Seed": 3, "Prop. class 1": 0.05, "Sel. bias": 0.95, "Method": "Veenman", "Test set": "future", "pr": 0.8611111111111112, "AUPRC": 0.45717109481565077, "p.50": 0.8, "p.100": 0.75, "Bias effect": 0.831925958898024}