{"Seed": 0, "Prop. class 1": 0.05, "Sel. bias": 0, "Method": "Label_Propagation", "Test set": "future", "pr": 0.0, "AUPRC": 0.23003913297143663, "p.50": 0.4, "p.100": 0.38, "Bias effect": 1.5816174290879186}