{"Seed": 44, "Prop. class 1": 0.5, "Sel. bias": 0, "Method": "Self_Learning", "Test set": "future", "pr": 0.719652036378015, "AUPRC": 0.7867964535496651, "p.50": 0.96, "p.100": 0.96, "Bias effect": 1.8497155225106634}