{"Seed": 14, "Prop. class 1": 0.5, "Sel. bias": 0, "Method": "Self_Learning", "Test set": "future", "pr": 0.7384119306731157, "AUPRC": 0.8142681667087746, "p.50": 1.0, "p.100": 1.0, "Bias effect": 1.6706913411241229}