{"Seed": 20, "Prop. class 1": 0.5, "Sel. bias": 0, "Method": "Semi-supervised", "Test set": "future", "pr": 0.9376693766937669, "AUPRC": 0.7905923159079453, "p.50": 0.98, "p.100": 0.98, "Bias effect": 1.6233906670777112}