{"Seed": 32, "Prop. class 1": 0.5, "Sel. bias": 0.95, "Method": "Semi-supervised", "Test set": "future", "pr": 0.8139810426540285, "AUPRC": 0.6732233915122154, "p.50": 0.9, "p.100": 0.85, "Bias effect": 2.0981396332436804}