{"Seed": 40, "Prop. class 1": 0.05, "Sel. bias": 0, "Method": "Veenman", "Test set": "future", "pr": 0.1914008321775312, "AUPRC": 0.17398303030031323, "p.50": 0.4, "p.100": 0.37, "Bias effect": 1.5362036025531591}