{"Seed": 5, "Prop. class 1": 0.05, "Sel. bias": 0, "Method": "Semi-supervised", "Test set": "future", "pr": 0.27837837837837837, "AUPRC": 0.17134778236166986, "p.50": 0.36, "p.100": 0.36, "Bias effect": 1.3429456659571632}