{"Seed": 26, "Prop. class 1": 0.05, "Sel. bias": 0, "Method": "Self_Learning", "Test set": "future", "pr": 0.0, "AUPRC": 0.2014514307406643, "p.50": 0.48, "p.100": 0.42, "Bias effect": 1.196252448906798}