{"Seed": 17, "Prop. class 1": 0.05, "Sel. bias": 0.95, "Method": "Veenman", "Test set": "future", "pr": 0.7125, "AUPRC": 0.4274573749074446, "p.50": 0.76, "p.100": 0.69, "Bias effect": 0.9425308766240431}