{"Seed": 40, "Prop. class 1": 0.5, "Sel. bias": 0, "Method": "Label_Propagation", "Test set": "future", "pr": 0.5001500750375187, "AUPRC": 0.8396784071317165, "p.50": 1.0, "p.100": 1.0, "Bias effect": 2.1118233133060342}