{"Seed": 32, "Prop. class 1": 0.05, "Sel. bias": 0, "Method": "Self_Learning", "Test set": "future", "pr": 0.0, "AUPRC": 0.30236016313162095, "p.50": 0.68, "p.100": 0.56, "Bias effect": 1.039127951349279}