{"Seed": 7, "Prop. class 1": 0.05, "Sel. bias": 0.95, "Method": "Semi-supervised", "Test set": "future", "pr": 0.64, "AUPRC": 0.36736179703688004, "p.50": 0.64, "p.100": 0.6, "Bias effect": 0.9092980714970832}