{"Seed": 33, "Prop. class 1": 0.05, "Sel. bias": 0, "Method": "Label_spreading", "Test set": "future", "pr": 0.0, "AUPRC": 0.3533027687225714, "p.50": 0.74, "p.100": 0.57, "Bias effect": 1.5233104882736683}