{"Seed": 14, "Prop. class 1": 0.05, "Sel. bias": 0, "Method": "Veenman", "Test set": "future", "pr": 0.0, "AUPRC": 0.20103396501353082, "p.50": 0.36, "p.100": 0.36, "Bias effect": 0.7930475490371599}