{"Seed": 3, "Prop. class 1": 0.05, "Sel. bias": 0.5, "Method": "Self_Learning", "Test set": "future", "pr": 0.12396236856668512, "AUPRC": 0.31290799574899053, "p.50": 0.5, "p.100": 0.46, "Bias effect": 0.8125240556458961}