{"Seed": 19, "Prop. class 1": 0.5, "Sel. bias": 0.95, "Method": "Veenman", "Test set": "future", "pr": 0.8165997322623829, "AUPRC": 0.6669758790999938, "p.50": 0.98, "p.100": 0.97, "Bias effect": 1.854783802127449}