{"Seed": 42, "Prop. class 1": 0.5, "Sel. bias": 0, "Method": "Self_Learning", "Test set": "future", "pr": 0.7163163163163163, "AUPRC": 0.7845636491514798, "p.50": 0.98, "p.100": 0.99, "Bias effect": 1.6494526367132618}