{"Seed": 44, "Prop. class 1": 0.5, "Sel. bias": 0.5, "Method": "Self_Learning", "Test set": "future", "pr": 0.765993265993266, "AUPRC": 0.7727343515650955, "p.50": 1.0, "p.100": 0.97, "Bias effect": 1.8218413905572968}