{"Seed": 38, "Prop. class 1": 0.5, "Sel. bias": 0.5, "Method": "Veenman", "Test set": "future", "pr": 0.8067010309278351, "AUPRC": 0.6233698258619655, "p.50": 0.94, "p.100": 0.91, "Bias effect": 2.310452700315317}