{"Seed": 30, "Prop. class 1": 0.5, "Sel. bias": 0.5, "Method": "traditional", "Test set": "future", "pr": 0.7524657204714938, "AUPRC": 0.7855949341807315, "p.50": 1.0, "p.100": 0.99, "Bias effect": 1.619995947382115}