{"Seed": 22, "Prop. class 1": 0.5, "Sel. bias": 0, "Method": "Self_Learning", "Test set": "future", "pr": 0.6097143834445015, "AUPRC": 0.6921352145840997, "p.50": 0.84, "p.100": 0.82, "Bias effect": 0.9429738629970403}