{"Seed": 29, "Prop. class 1": 0.5, "Sel. bias": 0.95, "Method": "traditional", "Test set": "future", "pr": 0.6774774774774774, "AUPRC": 0.744519364480176, "p.50": 0.96, "p.100": 0.94, "Bias effect": 1.8483122844180893}