{"Seed": 4, "Prop. class 1": 0.05, "Sel. bias": 0.95, "Method": "traditional", "Test set": "future", "pr": 0.07330075521990227, "AUPRC": 0.27318716112622166, "p.50": 0.52, "p.100": 0.46, "Bias effect": 1.16759645804867}