{"Seed": 40, "Prop. class 1": 0.05, "Sel. bias": 0.5, "Method": "Veenman", "Test set": "future", "pr": 0.6842105263157895, "AUPRC": 0.3281561173282912, "p.50": 0.6, "p.100": 0.48, "Bias effect": 1.064495524495676}