{"Seed": 40, "Prop. class 1": 0.5, "Sel. bias": 0.5, "Method": "traditional", "Test set": "future", "pr": 0.7961060032449973, "AUPRC": 0.7220316485133378, "p.50": 0.98, "p.100": 0.94, "Bias effect": 2.2165741995783255}