{"Seed": 8, "Prop. class 1": 0.05, "Sel. bias": 0, "Method": "Semi-supervised", "Test set": "future", "pr": 0.3854166666666667, "AUPRC": 0.20075543446918281, "p.50": 0.46, "p.100": 0.39, "Bias effect": 1.2375929094277203}