{"Seed": 34, "Prop. class 1": 0.5, "Sel. bias": 0.5, "Method": "Semi-supervised", "Test set": "future", "pr": 0.828042328042328, "AUPRC": 0.6036303036298115, "p.50": 0.82, "p.100": 0.84, "Bias effect": 2.1764990966706255}