{"Seed": 36, "Prop. class 1": 0.05, "Sel. bias": 0, "Method": "Semi-supervised", "Test set": "future", "pr": 0.625, "AUPRC": 0.2447236292668294, "p.50": 0.54, "p.100": 0.43, "Bias effect": 1.234887001771396}