{"Seed": 0, "Prop. class 1": 0.05, "Sel. bias": 0, "Method": "Veenman", "Test set": "future", "pr": 0.0, "AUPRC": 0.15322997210161945, "p.50": 0.18, "p.100": 0.22, "Bias effect": 1.2238617301880197}