{"Seed": 15, "Prop. class 1": 0.05, "Sel. bias": 0.95, "Method": "Label_spreading", "Test set": "future", "pr": 0.05, "AUPRC": 0.41450362011317265, "p.50": 0.72, "p.100": 0.68, "Bias effect": 1.3997754984749562}