{"Seed": 10, "Prop. class 1": 0.5, "Sel. bias": 0.5, "Method": "Label_spreading", "Test set": "future", "pr": 0.9252418645558487, "AUPRC": 0.8175677930489404, "p.50": 0.96, "p.100": 0.94, "Bias effect": 1.7741988417054422}