{"Seed": 36, "Prop. class 1": 0.5, "Sel. bias": 0, "Method": "Veenman", "Test set": "future", "pr": 0.0, "AUPRC": 0.6977504315112674, "p.50": 0.88, "p.100": 0.87, "Bias effect": 1.00907065795244}