{"Seed": 17, "Prop. class 1": 0.05, "Sel. bias": 0.5, "Method": "Self_Learning", "Test set": "future", "pr": 0.12932098765432098, "AUPRC": 0.26482271605811725, "p.50": 0.54, "p.100": 0.43, "Bias effect": 1.2265525362628078}