{"Seed": 3, "Prop. class 1": 0.05, "Sel. bias": 0, "Method": "traditional", "Test set": "future", "pr": 0.65, "AUPRC": 0.25401942601576166, "p.50": 0.5, "p.100": 0.41, "Bias effect": 1.2628270089079827}