{"Seed": 23, "Prop. class 1": 0.05, "Sel. bias": 0, "Method": "Self_Learning", "Test set": "future", "pr": 0.5833333333333334, "AUPRC": 0.24477243889589415, "p.50": 0.44, "p.100": 0.39, "Bias effect": 1.527970546089362}