{"Seed": 18, "Prop. class 1": 0.05, "Sel. bias": 0.95, "Method": "Label_Propagation", "Test set": "future", "pr": 0.0489, "AUPRC": 0.42846322528561565, "p.50": 0.7, "p.100": 0.69, "Bias effect": 1.1999405701456989}