{"Seed": 22, "Prop. class 1": 0.5, "Sel. bias": 0.5, "Method": "Self_Learning", "Test set": "future", "pr": 0.7953839325343985, "AUPRC": 0.7463104933246861, "p.50": 0.98, "p.100": 0.98, "Bias effect": 1.9849133968882198}