{"Seed": 40, "Prop. class 1": 0.5, "Sel. bias": 0, "Method": "traditional", "Test set": "future", "pr": 0.7140555779299235, "AUPRC": 0.7890864891982918, "p.50": 1.0, "p.100": 1.0, "Bias effect": 1.6490953564710213}