{"Seed": 18, "Prop. class 1": 0.05, "Sel. bias": 0.5, "Method": "Semi-supervised", "Test set": "future", "pr": 0.6666666666666666, "AUPRC": 0.3184679651765359, "p.50": 0.58, "p.100": 0.53, "Bias effect": 0.947317043381266}