{"Seed": 24, "Prop. class 1": 0.05, "Sel. bias": 0.95, "Method": "Self_Learning", "Test set": "future", "pr": 0.07808241141574475, "AUPRC": 0.27216180860257677, "p.50": 0.44, "p.100": 0.42, "Bias effect": 0.9718608059060854}