{"Seed": 13, "Prop. class 1": 0.05, "Sel. bias": 0.95, "Method": "Self_Learning", "Test set": "future", "pr": 0.06605922551252848, "AUPRC": 0.30824858367750846, "p.50": 0.62, "p.100": 0.58, "Bias effect": 0.9902124615753017}