{"Seed": 24, "Prop. class 1": 0.05, "Sel. bias": 0.5, "Method": "Label_spreading", "Test set": "future", "pr": 0.06732418524871354, "AUPRC": 0.24646777764480754, "p.50": 0.54, "p.100": 0.46, "Bias effect": 1.1637075919905187}