{"Seed": 41, "Prop. class 1": 0.05, "Sel. bias": 0.5, "Method": "Label_spreading", "Test set": "future", "pr": 0.10646742937193555, "AUPRC": 0.29659543129890076, "p.50": 0.58, "p.100": 0.5, "Bias effect": 1.0426360349056152}