{"Seed": 2, "Prop. class 1": 0.05, "Sel. bias": 0, "Method": "Veenman", "Test set": "future", "pr": 0.3784722222222222, "AUPRC": 0.24162824485860446, "p.50": 0.54, "p.100": 0.48, "Bias effect": 1.1307628728826395}