{"Seed": 16, "Prop. class 1": 0.5, "Sel. bias": 0.95, "Method": "Veenman", "Test set": "future", "pr": 0.7948016415868673, "AUPRC": 0.6389649467149146, "p.50": 0.9, "p.100": 0.91, "Bias effect": 1.8314811764893906}