{"Seed": 14, "Prop. class 1": 0.5, "Sel. bias": 0.5, "Method": "Veenman", "Test set": "future", "pr": 0.8403990024937655, "AUPRC": 0.6415489231916223, "p.50": 0.88, "p.100": 0.88, "Bias effect": 2.26710645597419}