{"Seed": 27, "Prop. class 1": 0.05, "Sel. bias": 0.95, "Method": "Veenman", "Test set": "future", "pr": 0.7647058823529411, "AUPRC": 0.39158179377879276, "p.50": 0.7, "p.100": 0.67, "Bias effect": 0.9350619281644567}