{"Seed": 12, "Prop. class 1": 0.05, "Sel. bias": 0, "Method": "Label_spreading", "Test set": "future", "pr": 0.0, "AUPRC": 0.218063366336623, "p.50": 0.38, "p.100": 0.35, "Bias effect": 1.0870581576429192}