{"Seed": 32, "Prop. class 1": 0.05, "Sel. bias": 0.5, "Method": "Semi-supervised", "Test set": "future", "pr": 0.5211267605633803, "AUPRC": 0.31911601253112004, "p.50": 0.52, "p.100": 0.5, "Bias effect": 0.8582188099551448}