{"Seed": 9, "Prop. class 1": 0.05, "Sel. bias": 0.5, "Method": "Veenman", "Test set": "future", "pr": 0.6046511627906976, "AUPRC": 0.3388219003078168, "p.50": 0.58, "p.100": 0.53, "Bias effect": 0.8590051417544531}