{"Seed": 44, "Prop. class 1": 0.5, "Sel. bias": 0.5, "Method": "Label_spreading", "Test set": "future", "pr": 0.968476357267951, "AUPRC": 0.8331340051295166, "p.50": 1.0, "p.100": 1.0, "Bias effect": 2.1549304529520903}