{"Seed": 22, "Prop. class 1": 0.05, "Sel. bias": 0.5, "Method": "Label_Propagation", "Test set": "future", "pr": 0.050151362260343085, "AUPRC": 0.36966021189750053, "p.50": 0.76, "p.100": 0.65, "Bias effect": 1.2008440904853357}