{"Seed": 5, "Prop. class 1": 0.05, "Sel. bias": 0.5, "Method": "Semi-supervised", "Test set": "future", "pr": 0.4864864864864865, "AUPRC": 0.2797466546775379, "p.50": 0.48, "p.100": 0.5, "Bias effect": 1.0280743919414286}