{"Seed": 25, "Prop. class 1": 0.5, "Sel. bias": 0.95, "Method": "Label_spreading", "Test set": "future", "pr": 0.5, "AUPRC": 0.7340003414962853, "p.50": 0.94, "p.100": 0.93, "Bias effect": 2.344616338566991}