{"Seed": 23, "Prop. class 1": 0.5, "Sel. bias": 0.5, "Method": "Veenman", "Test set": "future", "pr": 0.8483606557377049, "AUPRC": 0.6533114912069673, "p.50": 0.92, "p.100": 0.9, "Bias effect": 2.151400935238284}