{"Seed": 22, "Prop. class 1": 0.05, "Sel. bias": 0.95, "Method": "Label_spreading", "Test set": "future", "pr": 0.0499, "AUPRC": 0.4141127207857454, "p.50": 0.78, "p.100": 0.69, "Bias effect": 1.295355399016423}