{"Seed": 39, "Prop. class 1": 0.05, "Sel. bias": 0.95, "Method": "Label_spreading", "Test set": "future", "pr": 0.05, "AUPRC": 0.44640452097064065, "p.50": 0.84, "p.100": 0.75, "Bias effect": 1.3025031096990713}