{"Seed": 23, "Prop. class 1": 0.5, "Sel. bias": 0, "Method": "Veenman", "Test set": "future", "pr": 1.0, "AUPRC": 0.661150474645632, "p.50": 0.86, "p.100": 0.89, "Bias effect": 1.0484318624314977}