{"Seed": 14, "Prop. class 1": 0.05, "Sel. bias": 0.95, "Method": "Self_Learning", "Test set": "future", "pr": 0.07206548750182722, "AUPRC": 0.30364947173528684, "p.50": 0.5, "p.100": 0.5, "Bias effect": 1.0083251549942782}