{"Seed": 14, "Prop. class 1": 0.05, "Sel. bias": 0.95, "Method": "Veenman", "Test set": "future", "pr": 0.6111111111111112, "AUPRC": 0.37658067735195644, "p.50": 0.68, "p.100": 0.58, "Bias effect": 0.9062965804618746}