{"Seed": 16, "Prop. class 1": 0.05, "Sel. bias": 0.5, "Method": "Self_Learning", "Test set": "future", "pr": 0.20087019579405366, "AUPRC": 0.22033722600845418, "p.50": 0.32, "p.100": 0.35, "Bias effect": 0.8547691247954705}