{"Seed": 13, "Prop. class 1": 0.05, "Sel. bias": 0.95, "Method": "Label_spreading", "Test set": "future", "pr": 0.0499, "AUPRC": 0.3705879283926827, "p.50": 0.76, "p.100": 0.6, "Bias effect": 1.4299475907534978}