{"Seed": 41, "Prop. class 1": 0.5, "Sel. bias": 0.5, "Method": "Veenman", "Test set": "future", "pr": 0.8376068376068376, "AUPRC": 0.6430386222620978, "p.50": 0.88, "p.100": 0.9, "Bias effect": 2.1801629097094963}