{"Seed": 5, "Prop. class 1": 0.5, "Sel. bias": 0.95, "Method": "Semi-supervised", "Test set": "future", "pr": 0.8059508408796895, "AUPRC": 0.634716265839028, "p.50": 0.88, "p.100": 0.92, "Bias effect": 1.9082779823699727}