{"Seed": 19, "Prop. class 1": 0.05, "Sel. bias": 0.5, "Method": "Label_Propagation", "Test set": "future", "pr": 0.05035317860746721, "AUPRC": 0.40806272546538874, "p.50": 0.84, "p.100": 0.77, "Bias effect": 1.173772031082928}