{"Seed": 3, "Prop. class 1": 0.5, "Sel. bias": 0.5, "Method": "traditional", "Test set": "future", "pr": 0.8119278053884385, "AUPRC": 0.835860334072775, "p.50": 1.0, "p.100": 1.0, "Bias effect": 1.7386994980977315}