{"Seed": 40, "Prop. class 1": 0.5, "Sel. bias": 0.5, "Method": "Label_spreading", "Test set": "future", "pr": 0.9831144465290806, "AUPRC": 0.84784461356694, "p.50": 1.0, "p.100": 1.0, "Bias effect": 2.095578808373329}