{"Seed": 39, "Prop. class 1": 0.5, "Sel. bias": 0.5, "Method": "Veenman", "Test set": "future", "pr": 0.8306264501160093, "AUPRC": 0.640547598371932, "p.50": 0.84, "p.100": 0.89, "Bias effect": 2.18609722306562}