{"Seed": 24, "Prop. class 1": 0.5, "Sel. bias": 0, "Method": "Self_Learning", "Test set": "future", "pr": 0.673265306122449, "AUPRC": 0.7430070830977785, "p.50": 0.9, "p.100": 0.94, "Bias effect": 1.47013291053552}