{"Seed": 24, "Prop. class 1": 0.05, "Sel. bias": 0, "Method": "Self_Learning", "Test set": "future", "pr": 0.45454545454545453, "AUPRC": 0.21393780146875102, "p.50": 0.4, "p.100": 0.42, "Bias effect": 1.0369098184840218}