{"Seed": 2, "Prop. class 1": 0.5, "Sel. bias": 0.5, "Method": "Self_Learning", "Test set": "future", "pr": 0.7235724743777452, "AUPRC": 0.7316910020127534, "p.50": 1.0, "p.100": 0.99, "Bias effect": 1.8568006954634346}