{"Seed": 0, "Prop. class 1": 0.5, "Sel. bias": 0, "Method": "traditional", "Test set": "future", "pr": 0.6921474692772339, "AUPRC": 0.7445029740443649, "p.50": 0.98, "p.100": 0.98, "Bias effect": 1.761723961780689}