{"Seed": 13, "Prop. class 1": 0.5, "Sel. bias": 0.95, "Method": "Label_Propagation", "Test set": "future", "pr": 0.5, "AUPRC": 0.7660020583475513, "p.50": 0.94, "p.100": 0.95, "Bias effect": 2.3427874409740754}