{"Seed": 1, "Prop. class 1": 0.5, "Sel. bias": 0.5, "Method": "Self_Learning", "Test set": "future", "pr": 0.8185588387765682, "AUPRC": 0.7577667946847848, "p.50": 0.98, "p.100": 0.98, "Bias effect": 2.075937222246752}