{"Seed": 14, "Prop. class 1": 0.05, "Sel. bias": 0, "Method": "Label_Propagation", "Test set": "future", "pr": 0.0, "AUPRC": 0.37157332768717505, "p.50": 0.68, "p.100": 0.61, "Bias effect": 1.3521834115702793}