{"Seed": 30, "Prop. class 1": 0.05, "Sel. bias": 0.95, "Method": "Label_spreading", "Test set": "future", "pr": 0.05, "AUPRC": 0.4153478945616677, "p.50": 0.72, "p.100": 0.56, "Bias effect": 1.3085897672208295}