{"Seed": 0, "Prop. class 1": 0.5, "Sel. bias": 0, "Method": "Label_spreading", "Test set": "future", "pr": 0.5719961473633518, "AUPRC": 0.777959660710192, "p.50": 1.0, "p.100": 0.97, "Bias effect": 2.2500147232750276}