{"Seed": 6, "Prop. class 1": 0.5, "Sel. bias": 0, "Method": "Self_Learning", "Test set": "future", "pr": 0.6249354672173464, "AUPRC": 0.6421801963789823, "p.50": 0.88, "p.100": 0.89, "Bias effect": 1.7358401208037852}