{"Seed": 24, "Prop. class 1": 0.5, "Sel. bias": 0, "Method": "Semi-supervised", "Test set": "future", "pr": 0.8321167883211679, "AUPRC": 0.716732615203719, "p.50": 0.96, "p.100": 0.92, "Bias effect": 1.0747362193514147}