{"Seed": 36, "Prop. class 1": 0.5, "Sel. bias": 0, "Method": "traditional", "Test set": "future", "pr": 0.7287962395258533, "AUPRC": 0.8062939175747121, "p.50": 1.0, "p.100": 1.0, "Bias effect": 1.7914062731643634}