{"Seed": 13, "Prop. class 1": 0.5, "Sel. bias": 0, "Method": "Semi-supervised", "Test set": "future", "pr": 0.9166666666666666, "AUPRC": 0.7228991628809422, "p.50": 0.92, "p.100": 0.93, "Bias effect": 1.5123200864694328}