{"Seed": 30, "Prop. class 1": 0.5, "Sel. bias": 0.5, "Method": "Semi-supervised", "Test set": "future", "pr": 0.7827050997782705, "AUPRC": 0.6473189703971021, "p.50": 0.88, "p.100": 0.88, "Bias effect": 2.203410265096149}