{"Seed": 29, "Prop. class 1": 0.05, "Sel. bias": 0.95, "Method": "Self_Learning", "Test set": "future", "pr": 0.06337135614702155, "AUPRC": 0.30606136629756997, "p.50": 0.52, "p.100": 0.51, "Bias effect": 0.9805047108729571}