{"Seed": 14, "Prop. class 1": 0.05, "Sel. bias": 0, "Method": "Semi-supervised", "Test set": "future", "pr": 0.0, "AUPRC": 0.17826997390855878, "p.50": 0.4, "p.100": 0.38, "Bias effect": 0.909867187220793}