{"Seed": 27, "Prop. class 1": 0.05, "Sel. bias": 0.5, "Method": "Veenman", "Test set": "future", "pr": 0.5882352941176471, "AUPRC": 0.31733604841565366, "p.50": 0.7, "p.100": 0.58, "Bias effect": 1.0431319405217534}