{"Seed": 39, "Prop. class 1": 0.5, "Sel. bias": 0, "Method": "Self_Learning", "Test set": "future", "pr": 0.710543549443353, "AUPRC": 0.7521622910990649, "p.50": 0.92, "p.100": 0.9, "Bias effect": 1.994283157811629}