{"Seed": 25, "Prop. class 1": 0.5, "Sel. bias": 0, "Method": "Self_Learning", "Test set": "future", "pr": 0.7040729741196436, "AUPRC": 0.7547721702987371, "p.50": 0.98, "p.100": 0.97, "Bias effect": 1.8123472770976652}