{"Seed": 27, "Prop. class 1": 0.05, "Sel. bias": 0, "Method": "Self_Learning", "Test set": "future", "pr": 0.19230769230769232, "AUPRC": 0.1250951226683346, "p.50": 0.18, "p.100": 0.21, "Bias effect": 1.6166005861103119}