{"Seed": 8, "Prop. class 1": 0.05, "Sel. bias": 0.95, "Method": "Semi-supervised", "Test set": "future", "pr": 0.6060606060606061, "AUPRC": 0.33512926264632636, "p.50": 0.6, "p.100": 0.55, "Bias effect": 1.0226395648143531}