{"Seed": 15, "Prop. class 1": 0.05, "Sel. bias": 0.5, "Method": "Semi-supervised", "Test set": "future", "pr": 0.6153846153846154, "AUPRC": 0.31529929557222364, "p.50": 0.62, "p.100": 0.57, "Bias effect": 1.0014566520214152}