{"Seed": 16, "Prop. class 1": 0.05, "Sel. bias": 0.5, "Method": "Veenman", "Test set": "future", "pr": 0.6129032258064516, "AUPRC": 0.3126111427765164, "p.50": 0.58, "p.100": 0.57, "Bias effect": 1.0441679518057994}