{"Seed": 16, "Prop. class 1": 0.05, "Sel. bias": 0, "Method": "Semi-supervised", "Test set": "future", "pr": 0.3, "AUPRC": 0.19403846443754028, "p.50": 0.34, "p.100": 0.32, "Bias effect": 1.6013967600771242}