{"Seed": 41, "Prop. class 1": 0.5, "Sel. bias": 0.5, "Method": "Label_Propagation", "Test set": "future", "pr": 0.0, "AUPRC": 0.8293947221850351, "p.50": 1.0, "p.100": 0.97, "Bias effect": 2.2339865272369535}