{"Seed": 19, "Prop. class 1": 0.5, "Sel. bias": 0.5, "Method": "traditional", "Test set": "future", "pr": 0.7663875252671094, "AUPRC": 0.7696965755973397, "p.50": 1.0, "p.100": 0.99, "Bias effect": 1.64443911013662}