{"Seed": 29, "Prop. class 1": 0.5, "Sel. bias": 0.95, "Method": "Label_Propagation", "Test set": "future", "pr": 0.4981, "AUPRC": 0.7728980120085536, "p.50": 0.98, "p.100": 0.97, "Bias effect": 2.2466741654966387}