{"Seed": 39, "Prop. class 1": 0.5, "Sel. bias": 0.95, "Method": "Label_spreading", "Test set": "future", "pr": 0.5002, "AUPRC": 0.7526422436246718, "p.50": 1.0, "p.100": 0.97, "Bias effect": 2.3340755953622727}