{"Seed": 21, "Prop. class 1": 0.05, "Sel. bias": 0, "Method": "Self_Learning", "Test set": "future", "pr": 0.0, "AUPRC": 0.19325942755989556, "p.50": 0.42, "p.100": 0.34, "Bias effect": 1.0551047554990478}