{"Seed": 40, "Prop. class 1": 0.05, "Sel. bias": 0.5, "Method": "traditional", "Test set": "future", "pr": 0.13923611111111112, "AUPRC": 0.2509293037441316, "p.50": 0.46, "p.100": 0.43, "Bias effect": 1.029279921565199}