{"Seed": 7, "Prop. class 1": 0.5, "Sel. bias": 0.5, "Method": "traditional", "Test set": "future", "pr": 0.7973716381418093, "AUPRC": 0.7887416503392518, "p.50": 0.98, "p.100": 0.99, "Bias effect": 1.6631959683409656}