{"Seed": 5, "Prop. class 1": 0.5, "Sel. bias": 0, "Method": "Veenman", "Test set": "future", "pr": 0.8571428571428571, "AUPRC": 0.7114754338182677, "p.50": 0.88, "p.100": 0.87, "Bias effect": 0.9556940291919684}