{"Seed": 8, "Prop. class 1": 0.05, "Sel. bias": 0, "Method": "Veenman", "Test set": "future", "pr": 0.6153846153846154, "AUPRC": 0.1398161139255611, "p.50": 0.36, "p.100": 0.28, "Bias effect": 1.2634111568356936}