{"Seed": 33, "Prop. class 1": 0.5, "Sel. bias": 0, "Method": "Self_Learning", "Test set": "future", "pr": 0.6887349765736402, "AUPRC": 0.7509599936013148, "p.50": 0.98, "p.100": 0.97, "Bias effect": 1.9357437009813092}