{"Seed": 6, "Prop. class 1": 0.05, "Sel. bias": 0.5, "Method": "Label_spreading", "Test set": "future", "pr": 0.14409330323551542, "AUPRC": 0.2656972619744603, "p.50": 0.56, "p.100": 0.49, "Bias effect": 1.6456240662322135}