{"Seed": 0, "Prop. class 1": 0.5, "Sel. bias": 0.95, "Method": "Label_spreading", "Test set": "future", "pr": 0.4999, "AUPRC": 0.714529854899874, "p.50": 0.94, "p.100": 0.91, "Bias effect": 2.382737560251936}