{"Seed": 17, "Prop. class 1": 0.5, "Sel. bias": 0.5, "Method": "Veenman", "Test set": "future", "pr": 0.8421052631578947, "AUPRC": 0.6536471552794452, "p.50": 0.84, "p.100": 0.87, "Bias effect": 2.17330974144605}