{"Seed": 21, "Prop. class 1": 0.05, "Sel. bias": 0.95, "Method": "Label_spreading", "Test set": "future", "pr": 0.0499, "AUPRC": 0.42697816445482595, "p.50": 0.9, "p.100": 0.71, "Bias effect": 1.3554412689740654}