{"Seed": 31, "Prop. class 1": 0.05, "Sel. bias": 0, "Method": "Label_Propagation", "Test set": "future", "pr": 0.0, "AUPRC": 0.21835860058679488, "p.50": 0.4, "p.100": 0.41, "Bias effect": 1.2144610438132284}