{"Seed": 13, "Prop. class 1": 0.5, "Sel. bias": 0.5, "Method": "Label_spreading", "Test set": "future", "pr": 0.9940119760479041, "AUPRC": 0.8393024844405275, "p.50": 1.0, "p.100": 0.99, "Bias effect": 2.211191975520101}