{"Seed": 18, "Prop. class 1": 0.5, "Sel. bias": 0, "Method": "Self_Learning", "Test set": "future", "pr": 0.7338174273858921, "AUPRC": 0.8050855922066726, "p.50": 1.0, "p.100": 0.99, "Bias effect": 1.6413637802702563}