{"Seed": 25, "Prop. class 1": 0.5, "Sel. bias": 0, "Method": "Veenman", "Test set": "future", "pr": 0.0, "AUPRC": 0.6584515397897052, "p.50": 0.82, "p.100": 0.9, "Bias effect": 0.9794711816664253}