{"Seed": 9, "Prop. class 1": 0.05, "Sel. bias": 0.95, "Method": "Veenman", "Test set": "future", "pr": 0.5398230088495575, "AUPRC": 0.3831200375066073, "p.50": 0.58, "p.100": 0.57, "Bias effect": 0.8180555632100184}