{"Seed": 19, "Prop. class 1": 0.5, "Sel. bias": 0, "Method": "Self_Learning", "Test set": "future", "pr": 0.7487824675324676, "AUPRC": 0.8231189618638728, "p.50": 0.98, "p.100": 0.99, "Bias effect": 1.6167067749260138}