{"Seed": 39, "Prop. class 1": 0.05, "Sel. bias": 0.95, "Method": "Semi-supervised", "Test set": "future", "pr": 0.7833333333333333, "AUPRC": 0.4077892685641751, "p.50": 0.8, "p.100": 0.69, "Bias effect": 0.9326872349207748}