{"Seed": 8, "Prop. class 1": 0.5, "Sel. bias": 0, "Method": "Label_spreading", "Test set": "future", "pr": 0.734194038352003, "AUPRC": 0.8266525932205406, "p.50": 1.0, "p.100": 1.0, "Bias effect": 2.1205178498732282}