{"Seed": 42, "Prop. class 1": 0.5, "Sel. bias": 0.95, "Method": "Self_Learning", "Test set": "future", "pr": 0.6798124655267512, "AUPRC": 0.6810723828644841, "p.50": 0.86, "p.100": 0.86, "Bias effect": 1.834248754040625}