{"Seed": 20, "Prop. class 1": 0.5, "Sel. bias": 0.95, "Method": "Label_Propagation", "Test set": "future", "pr": 0.5002, "AUPRC": 0.7173644014104531, "p.50": 0.9, "p.100": 0.88, "Bias effect": 2.413334996555405}