{"Seed": 1, "Prop. class 1": 0.5, "Sel. bias": 0.95, "Method": "traditional", "Test set": "future", "pr": 0.6617582417582417, "AUPRC": 0.703340138812943, "p.50": 0.9, "p.100": 0.9, "Bias effect": 1.6734441233097406}