{"Seed": 12, "Prop. class 1": 0.05, "Sel. bias": 0, "Method": "Veenman", "Test set": "future", "pr": 0.32, "AUPRC": 0.15297312174877375, "p.50": 0.26, "p.100": 0.25, "Bias effect": 1.2708686393252013}