{"Seed": 13, "Prop. class 1": 0.05, "Sel. bias": 0, "Method": "Semi-supervised", "Test set": "future", "pr": 0.0, "AUPRC": 0.14780629755793423, "p.50": 0.34, "p.100": 0.28, "Bias effect": 1.094467622123333}