{"Seed": 18, "Prop. class 1": 0.5, "Sel. bias": 0.95, "Method": "traditional", "Test set": "future", "pr": 0.662953995157385, "AUPRC": 0.7003130869372474, "p.50": 0.92, "p.100": 0.93, "Bias effect": 1.6954794371985782}