{"Seed": 0, "Prop. class 1": 0.05, "Sel. bias": 0, "Method": "Self_Learning", "Test set": "future", "pr": 1.0, "AUPRC": 0.13256653203210017, "p.50": 0.26, "p.100": 0.2, "Bias effect": 1.1473080857007563}