{"Seed": 16, "Prop. class 1": 0.5, "Sel. bias": 0.95, "Method": "Self_Learning", "Test set": "future", "pr": 0.6447883647212381, "AUPRC": 0.699112557481341, "p.50": 0.86, "p.100": 0.85, "Bias effect": 1.666609979915977}