{"Seed": 23, "Prop. class 1": 0.05, "Sel. bias": 0.95, "Method": "traditional", "Test set": "future", "pr": 0.0741292051205716, "AUPRC": 0.32701860664474325, "p.50": 0.6, "p.100": 0.54, "Bias effect": 1.1286736218636508}