{"Seed": 33, "Prop. class 1": 0.05, "Sel. bias": 0, "Method": "Semi-supervised", "Test set": "future", "pr": 0.0, "AUPRC": 0.18421313734709138, "p.50": 0.48, "p.100": 0.39, "Bias effect": 1.057772557794067}