{"Seed": 10, "Prop. class 1": 0.05, "Sel. bias": 0.95, "Method": "Semi-supervised", "Test set": "future", "pr": 0.7272727272727273, "AUPRC": 0.4144400730897899, "p.50": 0.8, "p.100": 0.67, "Bias effect": 0.9083080589674271}