{"Seed": 20, "Prop. class 1": 0.05, "Sel. bias": 0.95, "Method": "Semi-supervised", "Test set": "future", "pr": 0.43089430894308944, "AUPRC": 0.345736339481253, "p.50": 0.66, "p.100": 0.51, "Bias effect": 0.6944275754108824}