{"Seed": 25, "Prop. class 1": 0.5, "Sel. bias": 0.5, "Method": "Self_Learning", "Test set": "future", "pr": 0.7425126409957216, "AUPRC": 0.7102422333923057, "p.50": 1.0, "p.100": 0.99, "Bias effect": 1.8130702628326558}