{"Seed": 13, "Prop. class 1": 0.05, "Sel. bias": 0.5, "Method": "Self_Learning", "Test set": "future", "pr": 0.13391098857818037, "AUPRC": 0.2051566176464416, "p.50": 0.44, "p.100": 0.38, "Bias effect": 1.2352401060937717}