{"Seed": 24, "Prop. class 1": 0.05, "Sel. bias": 0.5, "Method": "Veenman", "Test set": "future", "pr": 0.5365853658536586, "AUPRC": 0.2678840071356718, "p.50": 0.46, "p.100": 0.48, "Bias effect": 1.0418015549023525}