{"Seed": 40, "Prop. class 1": 0.5, "Sel. bias": 0.5, "Method": "Semi-supervised", "Test set": "future", "pr": 0.7976470588235294, "AUPRC": 0.6364255872406425, "p.50": 0.84, "p.100": 0.91, "Bias effect": 2.1456234478395038}