{"Seed": 7, "Prop. class 1": 0.05, "Sel. bias": 0.95, "Method": "Veenman", "Test set": "future", "pr": 0.7166666666666667, "AUPRC": 0.3602592442103215, "p.50": 0.7, "p.100": 0.58, "Bias effect": 0.9248182401491004}