{"Seed": 33, "Prop. class 1": 0.05, "Sel. bias": 0, "Method": "Label_Propagation", "Test set": "future", "pr": 0.0, "AUPRC": 0.3379023038173535, "p.50": 0.7, "p.100": 0.58, "Bias effect": 1.4069651113721735}