{"Seed": 3, "Prop. class 1": 0.5, "Sel. bias": 0.95, "Method": "Label_spreading", "Test set": "future", "pr": 0.4999, "AUPRC": 0.8094133938319532, "p.50": 0.96, "p.100": 0.98, "Bias effect": 2.2656655551489413}