{"Seed": 33, "Prop. class 1": 0.05, "Sel. bias": 0.95, "Method": "Self_Learning", "Test set": "future", "pr": 0.08772864500088794, "AUPRC": 0.35777260614796585, "p.50": 0.64, "p.100": 0.55, "Bias effect": 0.8688193703160257}