{"Seed": 32, "Prop. class 1": 0.5, "Sel. bias": 0.5, "Method": "Semi-supervised", "Test set": "future", "pr": 0.8885793871866295, "AUPRC": 0.6221891374921013, "p.50": 0.94, "p.100": 0.89, "Bias effect": 2.1108015998946086}