{"Seed": 0, "Prop. class 1": 0.5, "Sel. bias": 0.5, "Method": "Semi-supervised", "Test set": "future", "pr": 0.8206388206388207, "AUPRC": 0.6358332635098878, "p.50": 0.8, "p.100": 0.84, "Bias effect": 2.1929401906156043}