{"Seed": 44, "Prop. class 1": 0.05, "Sel. bias": 0.5, "Method": "Label_spreading", "Test set": "future", "pr": 0.1355870592511814, "AUPRC": 0.2584861626342537, "p.50": 0.52, "p.100": 0.48, "Bias effect": 1.715764984962588}