{"Seed": 6, "Prop. class 1": 0.5, "Sel. bias": 0.5, "Method": "Semi-supervised", "Test set": "future", "pr": 0.7777777777777778, "AUPRC": 0.6014586690605381, "p.50": 0.84, "p.100": 0.8, "Bias effect": 2.1286820127107937}