{"Seed": 7, "Prop. class 1": 0.5, "Sel. bias": 0, "Method": "Label_Propagation", "Test set": "future", "pr": 0.0, "AUPRC": 0.8384869606706592, "p.50": 1.0, "p.100": 1.0, "Bias effect": 2.1369561064198006}