{"Seed": 4, "Prop. class 1": 0.5, "Sel. bias": 0.95, "Method": "Semi-supervised", "Test set": "future", "pr": 0.8251986379114642, "AUPRC": 0.6506988456051702, "p.50": 0.88, "p.100": 0.91, "Bias effect": 1.9800802594765035}