{"Seed": 0, "Prop. class 1": 0.5, "Sel. bias": 0.5, "Method": "traditional", "Test set": "future", "pr": 0.7533611497450162, "AUPRC": 0.6912902842925366, "p.50": 0.98, "p.100": 0.94, "Bias effect": 1.8339900957398254}