{"Seed": 21, "Prop. class 1": 0.05, "Sel. bias": 0, "Method": "Semi-supervised", "Test set": "future", "pr": 0.8333333333333334, "AUPRC": 0.1984205275870693, "p.50": 0.46, "p.100": 0.4, "Bias effect": 1.3244823201492264}