{"Seed": 25, "Prop. class 1": 0.05, "Sel. bias": 0, "Method": "traditional", "Test set": "future", "pr": 0.2857142857142857, "AUPRC": 0.14508238318966177, "p.50": 0.36, "p.100": 0.28, "Bias effect": 1.5843470563157072}