{"Seed": 31, "Prop. class 1": 0.05, "Sel. bias": 0, "Method": "Veenman", "Test set": "future", "pr": 0.0, "AUPRC": 0.11421923535490211, "p.50": 0.22, "p.100": 0.16, "Bias effect": 1.1651460411967847}