{"Seed": 35, "Prop. class 1": 0.5, "Sel. bias": 0.5, "Method": "traditional", "Test set": "future", "pr": 0.8454790823211876, "AUPRC": 0.7590506681778, "p.50": 0.94, "p.100": 0.96, "Bias effect": 1.9445678608443075}