{"Seed": 38, "Prop. class 1": 0.5, "Sel. bias": 0, "Method": "Veenman", "Test set": "future", "pr": 0.9202453987730062, "AUPRC": 0.756309411757758, "p.50": 0.96, "p.100": 0.93, "Bias effect": 1.3612209167132596}