{"Seed": 7, "Prop. class 1": 0.5, "Sel. bias": 0.5, "Method": "Veenman", "Test set": "future", "pr": 0.8166666666666667, "AUPRC": 0.6166756491864218, "p.50": 0.88, "p.100": 0.87, "Bias effect": 2.125905085359477}