{"Seed": 32, "Prop. class 1": 0.05, "Sel. bias": 0, "Method": "Semi-supervised", "Test set": "future", "pr": 0.0, "AUPRC": 0.2124262027121208, "p.50": 0.54, "p.100": 0.43, "Bias effect": 0.9426976858783931}