{"Seed": 39, "Prop. class 1": 0.05, "Sel. bias": 0.95, "Method": "Label_Propagation", "Test set": "future", "pr": 0.05, "AUPRC": 0.4672349228839391, "p.50": 0.88, "p.100": 0.76, "Bias effect": 1.2513356697997806}