{"Seed": 17, "Prop. class 1": 0.5, "Sel. bias": 0.95, "Method": "Self_Learning", "Test set": "future", "pr": 0.6411338962605548, "AUPRC": 0.6686644472560581, "p.50": 0.7, "p.100": 0.74, "Bias effect": 1.6177747404858205}