{"Seed": 15, "Prop. class 1": 0.05, "Sel. bias": 0.95, "Method": "Self_Learning", "Test set": "future", "pr": 0.0860045542126467, "AUPRC": 0.3395811343336593, "p.50": 0.62, "p.100": 0.55, "Bias effect": 1.0854304120173246}