{"Seed": 12, "Prop. class 1": 0.05, "Sel. bias": 0.95, "Method": "Semi-supervised", "Test set": "future", "pr": 0.4685714285714286, "AUPRC": 0.36280741306232034, "p.50": 0.64, "p.100": 0.53, "Bias effect": 0.8925038548828175}