{"Seed": 24, "Prop. class 1": 0.5, "Sel. bias": 0.95, "Method": "Self_Learning", "Test set": "future", "pr": 0.6894273127753304, "AUPRC": 0.6830979363094255, "p.50": 0.8, "p.100": 0.84, "Bias effect": 1.7728365087171758}