{"Seed": 5, "Prop. class 1": 0.05, "Sel. bias": 0, "Method": "Label_Propagation", "Test set": "future", "pr": 0.0, "AUPRC": 0.23922792350341276, "p.50": 0.54, "p.100": 0.48, "Bias effect": 1.6642914889637974}