{"Seed": 1, "Prop. class 1": 0.05, "Sel. bias": 0.95, "Method": "traditional", "Test set": "future", "pr": 0.06762629005975014, "AUPRC": 0.33088788429313537, "p.50": 0.62, "p.100": 0.63, "Bias effect": 1.0218160129735578}