{"Seed": 35, "Prop. class 1": 0.5, "Sel. bias": 0, "Method": "traditional", "Test set": "future", "pr": 0.7098145285935085, "AUPRC": 0.7812472308661699, "p.50": 0.98, "p.100": 0.97, "Bias effect": 1.4878510658476634}