{"Seed": 34, "Prop. class 1": 0.05, "Sel. bias": 0.5, "Method": "Label_spreading", "Test set": "future", "pr": 0.1402786573780874, "AUPRC": 0.3179805369370506, "p.50": 0.56, "p.100": 0.52, "Bias effect": 0.9367448087873776}