{"Seed": 18, "Prop. class 1": 0.05, "Sel. bias": 0, "Method": "traditional", "Test set": "future", "pr": 0.5463917525773195, "AUPRC": 0.27357966432519687, "p.50": 0.6, "p.100": 0.54, "Bias effect": 1.3392026549615133}