{"Seed": 21, "Prop. class 1": 0.05, "Sel. bias": 0.5, "Method": "traditional", "Test set": "future", "pr": 0.11957569913211186, "AUPRC": 0.1870055078788901, "p.50": 0.44, "p.100": 0.34, "Bias effect": 1.121975056036704}