{"Seed": 2, "Prop. class 1": 0.5, "Sel. bias": 0.95, "Method": "traditional", "Test set": "future", "pr": 0.6089368720947669, "AUPRC": 0.7061512091753578, "p.50": 0.92, "p.100": 0.88, "Bias effect": 1.4123234177433288}