{"Seed": 43, "Prop. class 1": 0.05, "Sel. bias": 0.5, "Method": "Label_spreading", "Test set": "future", "pr": 0.19807344972907887, "AUPRC": 0.3249529100898919, "p.50": 0.7, "p.100": 0.59, "Bias effect": 1.581795123390702}