{"Seed": 2, "Prop. class 1": 0.5, "Sel. bias": 0.95, "Method": "Veenman", "Test set": "future", "pr": 0.8201058201058201, "AUPRC": 0.637983017067924, "p.50": 0.92, "p.100": 0.93, "Bias effect": 1.8647200233235721}