{"Seed": 9, "Prop. class 1": 0.5, "Sel. bias": 0.5, "Method": "Label_Propagation", "Test set": "future", "pr": 1.0, "AUPRC": 0.8344454389554323, "p.50": 1.0, "p.100": 0.99, "Bias effect": 2.123583470744404}