{"Seed": 2, "Prop. class 1": 0.05, "Sel. bias": 0.95, "Method": "Veenman", "Test set": "future", "pr": 0.5737704918032787, "AUPRC": 0.33673892000279, "p.50": 0.58, "p.100": 0.53, "Bias effect": 0.9079231083556325}