{"Seed": 27, "Prop. class 1": 0.05, "Sel. bias": 0, "Method": "traditional", "Test set": "future", "pr": 0.2972972972972973, "AUPRC": 0.16917016381276478, "p.50": 0.34, "p.100": 0.27, "Bias effect": 1.4613236256945623}