{"Seed": 32, "Prop. class 1": 0.5, "Sel. bias": 0.5, "Method": "Label_spreading", "Test set": "future", "pr": 1.0, "AUPRC": 0.845159076047983, "p.50": 1.0, "p.100": 1.0, "Bias effect": 2.201565295963072}