{"Seed": 0, "Prop. class 1": 0.5, "Sel. bias": 0.95, "Method": "Veenman", "Test set": "future", "pr": 0.7827130852340937, "AUPRC": 0.6403745794036083, "p.50": 0.84, "p.100": 0.84, "Bias effect": 1.9052061173168515}