{"Seed": 8, "Prop. class 1": 0.05, "Sel. bias": 0, "Method": "Self_Learning", "Test set": "future", "pr": 0.3870967741935484, "AUPRC": 0.20212237962899982, "p.50": 0.42, "p.100": 0.39, "Bias effect": 1.2291057510730132}