{"Seed": 19, "Prop. class 1": 0.05, "Sel. bias": 0, "Method": "traditional", "Test set": "future", "pr": 0.33714285714285713, "AUPRC": 0.19314809977703498, "p.50": 0.42, "p.100": 0.4, "Bias effect": 1.4024492205670944}