{"Seed": 36, "Prop. class 1": 0.05, "Sel. bias": 0.95, "Method": "Self_Learning", "Test set": "future", "pr": 0.06558230318802863, "AUPRC": 0.30405269047426614, "p.50": 0.58, "p.100": 0.51, "Bias effect": 0.8290377579367548}