{"Seed": 4, "Prop. class 1": 0.5, "Sel. bias": 0.5, "Method": "Semi-supervised", "Test set": "future", "pr": 0.8660049627791563, "AUPRC": 0.613990740172259, "p.50": 0.96, "p.100": 0.92, "Bias effect": 2.1013899667491343}