{"Seed": 19, "Prop. class 1": 0.05, "Sel. bias": 0, "Method": "Label_spreading", "Test set": "future", "pr": 0.0, "AUPRC": 0.4017092223668323, "p.50": 0.78, "p.100": 0.65, "Bias effect": 1.465976417893504}