{"Seed": 27, "Prop. class 1": 0.05, "Sel. bias": 0, "Method": "Veenman", "Test set": "future", "pr": 0.0, "AUPRC": 0.14686862101774795, "p.50": 0.22, "p.100": 0.27, "Bias effect": 1.0322732326687953}