{"Seed": 8, "Prop. class 1": 0.05, "Sel. bias": 0.95, "Method": "Label_Propagation", "Test set": "future", "pr": 0.0501, "AUPRC": 0.38045158262908446, "p.50": 0.78, "p.100": 0.68, "Bias effect": 1.3458319927698372}