{"Seed": 17, "Prop. class 1": 0.05, "Sel. bias": 0, "Method": "Semi-supervised", "Test set": "future", "pr": 0.4262295081967213, "AUPRC": 0.30484491796977603, "p.50": 0.68, "p.100": 0.54, "Bias effect": 1.1728350658850846}