{"Seed": 16, "Prop. class 1": 0.5, "Sel. bias": 0.5, "Method": "Semi-supervised", "Test set": "future", "pr": 0.784841075794621, "AUPRC": 0.6247066109625142, "p.50": 0.78, "p.100": 0.83, "Bias effect": 2.1153265389824596}