{"Seed": 22, "Prop. class 1": 0.05, "Sel. bias": 0.5, "Method": "Label_spreading", "Test set": "future", "pr": 0.11210647555669312, "AUPRC": 0.27102035261832236, "p.50": 0.5, "p.100": 0.49, "Bias effect": 0.9456817332286885}