{"Seed": 43, "Prop. class 1": 0.05, "Sel. bias": 0.95, "Method": "Veenman", "Test set": "future", "pr": 0.6515151515151515, "AUPRC": 0.3593250205427625, "p.50": 0.74, "p.100": 0.61, "Bias effect": 0.9879841809250581}