{"Seed": 19, "Prop. class 1": 0.05, "Sel. bias": 0.95, "Method": "Label_Propagation", "Test set": "future", "pr": 0.0501, "AUPRC": 0.5035092228213386, "p.50": 0.88, "p.100": 0.78, "Bias effect": 1.1378532636686052}