{"Seed": 27, "Prop. class 1": 0.5, "Sel. bias": 0.5, "Method": "Semi-supervised", "Test set": "future", "pr": 0.8340425531914893, "AUPRC": 0.6143692262322794, "p.50": 0.86, "p.100": 0.86, "Bias effect": 2.0689190902426016}