{"Seed": 42, "Prop. class 1": 0.05, "Sel. bias": 0, "Method": "Semi-supervised", "Test set": "future", "pr": 0.24489795918367346, "AUPRC": 0.1914942073408057, "p.50": 0.4, "p.100": 0.37, "Bias effect": 1.4679184094825868}