{"Seed": 3, "Prop. class 1": 0.05, "Sel. bias": 0.5, "Method": "Label_Propagation", "Test set": "future", "pr": 0.3726474278544542, "AUPRC": 0.45580207341331086, "p.50": 0.86, "p.100": 0.76, "Bias effect": 0.9958353874310611}