{"Seed": 30, "Prop. class 1": 0.05, "Sel. bias": 0.5, "Method": "Label_spreading", "Test set": "future", "pr": 0.11696826645685812, "AUPRC": 0.32105583878951144, "p.50": 0.5, "p.100": 0.54, "Bias effect": 1.0190343724766913}