{"Seed": 18, "Prop. class 1": 0.5, "Sel. bias": 0.95, "Method": "Self_Learning", "Test set": "future", "pr": 0.6113455227379277, "AUPRC": 0.707308915533661, "p.50": 0.9, "p.100": 0.89, "Bias effect": 1.693879757175388}