{"Seed": 43, "Prop. class 1": 0.05, "Sel. bias": 0.95, "Method": "Self_Learning", "Test set": "future", "pr": 0.0731958762886598, "AUPRC": 0.3401242906458608, "p.50": 0.74, "p.100": 0.6, "Bias effect": 1.1439719017186756}