{"Seed": 21, "Prop. class 1": 0.05, "Sel. bias": 0, "Method": "Label_spreading", "Test set": "future", "pr": 0.0, "AUPRC": 0.3910282977179417, "p.50": 0.74, "p.100": 0.65, "Bias effect": 1.4578484925235777}