{"Seed": 20, "Prop. class 1": 0.05, "Sel. bias": 0.5, "Method": "Semi-supervised", "Test set": "future", "pr": 0.4074074074074074, "AUPRC": 0.26505270877213816, "p.50": 0.52, "p.100": 0.48, "Bias effect": 0.8616776104858858}