{"Seed": 7, "Prop. class 1": 0.05, "Sel. bias": 0.5, "Method": "Label_Propagation", "Test set": "future", "pr": 0.13393133312712652, "AUPRC": 0.3594074085863633, "p.50": 0.78, "p.100": 0.65, "Bias effect": 1.3353373906369954}