{"Seed": 5, "Prop. class 1": 0.5, "Sel. bias": 0.5, "Method": "Self_Learning", "Test set": "future", "pr": 0.7316919191919192, "AUPRC": 0.7193723740908522, "p.50": 0.96, "p.100": 0.96, "Bias effect": 1.7918094387989292}