{"Seed": 17, "Prop. class 1": 0.05, "Sel. bias": 0, "Method": "Veenman", "Test set": "future", "pr": 0.0, "AUPRC": 0.2864968934119519, "p.50": 0.62, "p.100": 0.53, "Bias effect": 0.9733006424784081}