{"Seed": 31, "Prop. class 1": 0.05, "Sel. bias": 0, "Method": "Self_Learning", "Test set": "future", "pr": 0.2490272373540856, "AUPRC": 0.20084275056757092, "p.50": 0.42, "p.100": 0.37, "Bias effect": 1.2528551834057917}