{"Seed": 23, "Prop. class 1": 0.5, "Sel. bias": 0, "Method": "Label_Propagation", "Test set": "future", "pr": 0.8044616435237878, "AUPRC": 0.8592415531094746, "p.50": 1.0, "p.100": 1.0, "Bias effect": 2.0964155873545303}