{"Seed": 6, "Prop. class 1": 0.5, "Sel. bias": 0, "Method": "Veenman", "Test set": "future", "pr": 0.8945945945945946, "AUPRC": 0.7397120445597928, "p.50": 1.0, "p.100": 0.92, "Bias effect": 1.3749298794176992}