{"Seed": 3, "Prop. class 1": 0.05, "Sel. bias": 0.95, "Method": "Self_Learning", "Test set": "future", "pr": 0.07697092209609703, "AUPRC": 0.38240258488926115, "p.50": 0.68, "p.100": 0.67, "Bias effect": 0.8833433700525195}