{"Seed": 44, "Prop. class 1": 0.5, "Sel. bias": 0, "Method": "traditional", "Test set": "future", "pr": 0.6927558749271703, "AUPRC": 0.756418365112851, "p.50": 0.98, "p.100": 0.94, "Bias effect": 1.500924311842343}