{"Seed": 26, "Prop. class 1": 0.05, "Sel. bias": 0, "Method": "traditional", "Test set": "future", "pr": 0.5833333333333334, "AUPRC": 0.2329223532085643, "p.50": 0.48, "p.100": 0.39, "Bias effect": 1.449108739004519}