{"Seed": 5, "Prop. class 1": 0.5, "Sel. bias": 0.95, "Method": "traditional", "Test set": "future", "pr": 0.5499077916090365, "AUPRC": 0.7122135738394438, "p.50": 0.9, "p.100": 0.87, "Bias effect": 1.5751041863872126}