{"Seed": 17, "Prop. class 1": 0.5, "Sel. bias": 0, "Method": "Self_Learning", "Test set": "future", "pr": 0.6960150219069476, "AUPRC": 0.757525946433524, "p.50": 0.98, "p.100": 0.95, "Bias effect": 1.7420801477616892}