{"Seed": 3, "Prop. class 1": 0.05, "Sel. bias": 0, "Method": "Label_spreading", "Test set": "future", "pr": 1.0, "AUPRC": 0.2183440607087537, "p.50": 0.38, "p.100": 0.34, "Bias effect": 1.037153552193961}