{"Seed": 34, "Prop. class 1": 0.05, "Sel. bias": 0, "Method": "Label_Propagation", "Test set": "future", "pr": 0.0, "AUPRC": 0.300678764293327, "p.50": 0.48, "p.100": 0.51, "Bias effect": 1.3846784885875103}