{"Seed": 20, "Prop. class 1": 0.5, "Sel. bias": 0, "Method": "traditional", "Test set": "future", "pr": 0.7343621399176955, "AUPRC": 0.8041376082806302, "p.50": 0.98, "p.100": 0.98, "Bias effect": 1.5882179971579156}