{"Seed": 41, "Prop. class 1": 0.5, "Sel. bias": 0, "Method": "Semi-supervised", "Test set": "future", "pr": 0.8879706152433425, "AUPRC": 0.7846098925180599, "p.50": 0.96, "p.100": 0.97, "Bias effect": 1.4204532807062649}