{"Seed": 20, "Prop. class 1": 0.05, "Sel. bias": 0, "Method": "Label_Propagation", "Test set": "future", "pr": 0.0, "AUPRC": 0.34872611085149, "p.50": 0.72, "p.100": 0.65, "Bias effect": 1.4829360449338773}