{"Seed": 4, "Prop. class 1": 0.5, "Sel. bias": 0.5, "Method": "traditional", "Test set": "future", "pr": 0.7703244622675902, "AUPRC": 0.7385251819834906, "p.50": 0.96, "p.100": 0.97, "Bias effect": 1.6530049011015784}