{"Seed": 3, "Prop. class 1": 0.05, "Sel. bias": 0, "Method": "Semi-supervised", "Test set": "future", "pr": 0.3471502590673575, "AUPRC": 0.222160757299624, "p.50": 0.5, "p.100": 0.43, "Bias effect": 1.1204012901553055}