{"Seed": 42, "Prop. class 1": 0.5, "Sel. bias": 0.5, "Method": "Veenman", "Test set": "future", "pr": 0.8558951965065502, "AUPRC": 0.6253398957496984, "p.50": 0.88, "p.100": 0.91, "Bias effect": 2.204869448467164}