{"Seed": 15, "Prop. class 1": 0.05, "Sel. bias": 0.5, "Method": "Veenman", "Test set": "future", "pr": 0.7368421052631579, "AUPRC": 0.33611518630129117, "p.50": 0.74, "p.100": 0.56, "Bias effect": 1.0683333399075086}