{"Seed": 39, "Prop. class 1": 0.5, "Sel. bias": 0.5, "Method": "Semi-supervised", "Test set": "future", "pr": 0.8194130925507901, "AUPRC": 0.6317402160876215, "p.50": 0.96, "p.100": 0.9, "Bias effect": 2.109255308496792}