{"Seed": 26, "Prop. class 1": 0.05, "Sel. bias": 0, "Method": "Veenman", "Test set": "future", "pr": 0.0, "AUPRC": 0.15578327741864545, "p.50": 0.3, "p.100": 0.32, "Bias effect": 1.1093641173375346}