{"Seed": 35, "Prop. class 1": 0.05, "Sel. bias": 0.5, "Method": "Veenman", "Test set": "future", "pr": 0.475, "AUPRC": 0.2826759581146322, "p.50": 0.46, "p.100": 0.44, "Bias effect": 0.9018310217519478}