{"Seed": 38, "Prop. class 1": 0.05, "Sel. bias": 0.95, "Method": "Label_Propagation", "Test set": "future", "pr": 0.0501, "AUPRC": 0.4849256672739122, "p.50": 0.78, "p.100": 0.76, "Bias effect": 1.1972861751542359}