{"Seed": 36, "Prop. class 1": 0.05, "Sel. bias": 0.5, "Method": "Self_Learning", "Test set": "future", "pr": 0.13530135301353013, "AUPRC": 0.3025589047202443, "p.50": 0.56, "p.100": 0.51, "Bias effect": 0.9501759637064768}