{"Seed": 25, "Prop. class 1": 0.05, "Sel. bias": 0.5, "Method": "Label_spreading", "Test set": "future", "pr": 0.1192949323260938, "AUPRC": 0.23473024462963668, "p.50": 0.56, "p.100": 0.45, "Bias effect": 1.7112328393339848}