{"Seed": 7, "Prop. class 1": 0.5, "Sel. bias": 0, "Method": "Label_spreading", "Test set": "future", "pr": 0.776084099868594, "AUPRC": 0.7918447978275798, "p.50": 0.96, "p.100": 0.95, "Bias effect": 1.7112890735116935}