{"Seed": 20, "Prop. class 1": 0.05, "Sel. bias": 0, "Method": "Veenman", "Test set": "future", "pr": 0.625, "AUPRC": 0.1914576497732138, "p.50": 0.44, "p.100": 0.32, "Bias effect": 1.1536655812547887}