{"Seed": 0, "Prop. class 1": 0.5, "Sel. bias": 0.95, "Method": "Self_Learning", "Test set": "future", "pr": 0.6296436694465504, "AUPRC": 0.6875017246369286, "p.50": 0.96, "p.100": 0.86, "Bias effect": 1.6993598786291266}