{"Seed": 30, "Prop. class 1": 0.5, "Sel. bias": 0, "Method": "traditional", "Test set": "future", "pr": 0.7211675852214737, "AUPRC": 0.7968116486683374, "p.50": 0.96, "p.100": 0.97, "Bias effect": 1.6503498611728395}