{"Seed": 34, "Prop. class 1": 0.5, "Sel. bias": 0, "Method": "Self_Learning", "Test set": "future", "pr": 0.7157873859579532, "AUPRC": 0.791324205790594, "p.50": 1.0, "p.100": 1.0, "Bias effect": 1.6834214993997243}