{"Seed": 42, "Prop. class 1": 0.05, "Sel. bias": 0, "Method": "Label_spreading", "Test set": "future", "pr": 0.0, "AUPRC": 0.29449927261480696, "p.50": 0.54, "p.100": 0.51, "Bias effect": 1.5742656706089466}