{"Seed": 26, "Prop. class 1": 0.5, "Sel. bias": 0.5, "Method": "Label_Propagation", "Test set": "future", "pr": 0.0, "AUPRC": 0.8153495342454042, "p.50": 0.98, "p.100": 0.98, "Bias effect": 2.1033370444163024}