{"Seed": 4, "Prop. class 1": 0.05, "Sel. bias": 0, "Method": "Label_Propagation", "Test set": "future", "pr": 0.0, "AUPRC": 0.21621606924545708, "p.50": 0.26, "p.100": 0.38, "Bias effect": 1.4052225794134214}