{"Seed": 24, "Prop. class 1": 0.5, "Sel. bias": 0.95, "Method": "Veenman", "Test set": "future", "pr": 0.826151560178306, "AUPRC": 0.6175906408636074, "p.50": 0.88, "p.100": 0.9, "Bias effect": 1.8855102722609078}