{"Seed": 26, "Prop. class 1": 0.5, "Sel. bias": 0.95, "Method": "Self_Learning", "Test set": "future", "pr": 0.6342335896977285, "AUPRC": 0.7029966936519485, "p.50": 0.9, "p.100": 0.9, "Bias effect": 1.735662210289506}