{"Seed": 15, "Prop. class 1": 0.5, "Sel. bias": 0, "Method": "Label_spreading", "Test set": "future", "pr": 0.7142077496816446, "AUPRC": 0.8144813727483002, "p.50": 0.98, "p.100": 0.98, "Bias effect": 1.7045870895005932}