{"Seed": 36, "Prop. class 1": 0.05, "Sel. bias": 0, "Method": "Self_Learning", "Test set": "future", "pr": 1.0, "AUPRC": 0.296371479179746, "p.50": 0.46, "p.100": 0.5, "Bias effect": 1.1687743161485795}