{"Seed": 41, "Prop. class 1": 0.5, "Sel. bias": 0, "Method": "Veenman", "Test set": "future", "pr": 1.0, "AUPRC": 0.6722582633427453, "p.50": 0.96, "p.100": 0.87, "Bias effect": 0.9901688617233084}