{"Seed": 13, "Prop. class 1": 0.05, "Sel. bias": 0, "Method": "Label_spreading", "Test set": "future", "pr": 0.0, "AUPRC": 0.33091655007991805, "p.50": 0.64, "p.100": 0.58, "Bias effect": 1.4470328807767514}