{"Seed": 0, "Prop. class 1": 0.5, "Sel. bias": 0.5, "Method": "Veenman", "Test set": "future", "pr": 0.8308157099697885, "AUPRC": 0.6363352603394585, "p.50": 0.86, "p.100": 0.84, "Bias effect": 2.2097109310000556}