{"Seed": 16, "Prop. class 1": 0.05, "Sel. bias": 0, "Method": "Self_Learning", "Test set": "future", "pr": 0.5, "AUPRC": 0.21286752348071963, "p.50": 0.32, "p.100": 0.34, "Bias effect": 1.4835016365229228}