{"Seed": 16, "Prop. class 1": 0.05, "Sel. bias": 0, "Method": "traditional", "Test set": "future", "pr": 0.33962264150943394, "AUPRC": 0.2099148918275896, "p.50": 0.34, "p.100": 0.37, "Bias effect": 1.4461171878390164}