{"Seed": 18, "Prop. class 1": 0.5, "Sel. bias": 0.5, "Method": "Label_Propagation", "Test set": "future", "pr": 0.0, "AUPRC": 0.852599958207548, "p.50": 0.98, "p.100": 0.99, "Bias effect": 2.11892794875839}