{"Seed": 26, "Prop. class 1": 0.5, "Sel. bias": 0.95, "Method": "Label_spreading", "Test set": "future", "pr": 0.5, "AUPRC": 0.7772524565100446, "p.50": 1.0, "p.100": 1.0, "Bias effect": 2.268058123088465}