{"Seed": 12, "Prop. class 1": 0.5, "Sel. bias": 0.95, "Method": "Label_Propagation", "Test set": "future", "pr": 0.5, "AUPRC": 0.7602922316155936, "p.50": 0.96, "p.100": 0.95, "Bias effect": 2.3837889250302586}