{"Seed": 18, "Prop. class 1": 0.05, "Sel. bias": 0, "Method": "Label_spreading", "Test set": "future", "pr": 0.0, "AUPRC": 0.33074867446107903, "p.50": 0.66, "p.100": 0.59, "Bias effect": 1.5728590427532403}