{"Seed": 2, "Prop. class 1": 0.5, "Sel. bias": 0, "Method": "traditional", "Test set": "future", "pr": 0.7029951690821256, "AUPRC": 0.7848620212738824, "p.50": 0.96, "p.100": 0.98, "Bias effect": 1.865714783807353}