{"Seed": 42, "Prop. class 1": 0.05, "Sel. bias": 0.5, "Method": "Semi-supervised", "Test set": "future", "pr": 0.5056179775280899, "AUPRC": 0.2845248572439586, "p.50": 0.56, "p.100": 0.49, "Bias effect": 1.0018565687370806}