{"Seed": 35, "Prop. class 1": 0.05, "Sel. bias": 0, "Method": "Label_Propagation", "Test set": "future", "pr": 0.0, "AUPRC": 0.27817812985352025, "p.50": 0.48, "p.100": 0.4, "Bias effect": 1.5619184410468487}