{"Seed": 14, "Prop. class 1": 0.5, "Sel. bias": 0.5, "Method": "Self_Learning", "Test set": "future", "pr": 0.7930805056553559, "AUPRC": 0.7762889884288275, "p.50": 0.98, "p.100": 0.99, "Bias effect": 1.9205814837679727}