{"Seed": 29, "Prop. class 1": 0.05, "Sel. bias": 0, "Method": "Label_spreading", "Test set": "future", "pr": 0.0, "AUPRC": 0.21287454660425037, "p.50": 0.26, "p.100": 0.32, "Bias effect": 0.9862398465695803}