{"Seed": 33, "Prop. class 1": 0.5, "Sel. bias": 0, "Method": "Label_Propagation", "Test set": "future", "pr": 0.8450837812203604, "AUPRC": 0.8343941736178171, "p.50": 1.0, "p.100": 1.0, "Bias effect": 2.153435668598196}