{"Seed": 29, "Prop. class 1": 0.05, "Sel. bias": 0.95, "Method": "Veenman", "Test set": "future", "pr": 0.5257731958762887, "AUPRC": 0.36208223321213767, "p.50": 0.58, "p.100": 0.58, "Bias effect": 0.8734318668455932}