{"Seed": 15, "Prop. class 1": 0.5, "Sel. bias": 0.5, "Method": "Semi-supervised", "Test set": "future", "pr": 0.8313609467455622, "AUPRC": 0.6478803965957436, "p.50": 0.92, "p.100": 0.82, "Bias effect": 2.2423384181564208}