{"Seed": 33, "Prop. class 1": 0.05, "Sel. bias": 0.5, "Method": "traditional", "Test set": "future", "pr": 0.1276595744680851, "AUPRC": 0.28504130603693456, "p.50": 0.58, "p.100": 0.48, "Bias effect": 0.9307711141178426}