{"Seed": 34, "Prop. class 1": 0.5, "Sel. bias": 0.95, "Method": "Veenman", "Test set": "future", "pr": 0.8119325551232166, "AUPRC": 0.6550606920690218, "p.50": 0.94, "p.100": 0.94, "Bias effect": 1.968658685877203}