{"Seed": 4, "Prop. class 1": 0.05, "Sel. bias": 0.5, "Method": "Semi-supervised", "Test set": "future", "pr": 0.6666666666666666, "AUPRC": 0.2958078444526999, "p.50": 0.5, "p.100": 0.5, "Bias effect": 0.7535868564816913}