{"Seed": 13, "Prop. class 1": 0.05, "Sel. bias": 0.5, "Method": "traditional", "Test set": "future", "pr": 0.11117462132037725, "AUPRC": 0.2147118089071629, "p.50": 0.48, "p.100": 0.43, "Bias effect": 1.3921808392002162}