{"Seed": 9, "Prop. class 1": 0.5, "Sel. bias": 0, "Method": "Veenman", "Test set": "future", "pr": 0.0, "AUPRC": 0.732049724279743, "p.50": 0.94, "p.100": 0.91, "Bias effect": 1.0575988035097794}