{"Seed": 1, "Prop. class 1": 0.05, "Sel. bias": 0.5, "Method": "Label_Propagation", "Test set": "future", "pr": 0.05384276591059238, "AUPRC": 0.3824043739931156, "p.50": 0.68, "p.100": 0.63, "Bias effect": 1.107113695113822}