{"Seed": 18, "Prop. class 1": 0.05, "Sel. bias": 0, "Method": "Semi-supervised", "Test set": "future", "pr": 0.30454545454545456, "AUPRC": 0.185564864320754, "p.50": 0.34, "p.100": 0.35, "Bias effect": 1.3099235184575044}