{"Seed": 7, "Prop. class 1": 0.5, "Sel. bias": 0, "Method": "Semi-supervised", "Test set": "future", "pr": 0.8738738738738738, "AUPRC": 0.7560682474409528, "p.50": 1.0, "p.100": 0.91, "Bias effect": 1.4105922017689638}