{"Seed": 42, "Prop. class 1": 0.05, "Sel. bias": 0, "Method": "Self_Learning", "Test set": "future", "pr": 0.2289348171701113, "AUPRC": 0.18185952864900323, "p.50": 0.4, "p.100": 0.37, "Bias effect": 1.4683536422037515}