{"Seed": 30, "Prop. class 1": 0.5, "Sel. bias": 0.95, "Method": "traditional", "Test set": "future", "pr": 0.6640671865626875, "AUPRC": 0.7013098314959206, "p.50": 0.98, "p.100": 0.92, "Bias effect": 1.6599308587415877}