{"Seed": 18, "Prop. class 1": 0.5, "Sel. bias": 0.95, "Method": "Label_spreading", "Test set": "future", "pr": 0.4999, "AUPRC": 0.7627247416475853, "p.50": 0.94, "p.100": 0.95, "Bias effect": 2.3206625249581143}