{"Seed": 4, "Prop. class 1": 0.05, "Sel. bias": 0.95, "Method": "Self_Learning", "Test set": "future", "pr": 0.06912891986062718, "AUPRC": 0.2920781980196249, "p.50": 0.48, "p.100": 0.43, "Bias effect": 1.0582552200273645}