{"Seed": 4, "Prop. class 1": 0.5, "Sel. bias": 0.95, "Method": "Label_Propagation", "Test set": "future", "pr": 0.5, "AUPRC": 0.745249678357787, "p.50": 0.96, "p.100": 0.94, "Bias effect": 2.2575734517902584}