{"Seed": 32, "Prop. class 1": 0.05, "Sel. bias": 0.5, "Method": "Label_spreading", "Test set": "future", "pr": 0.09658397722651485, "AUPRC": 0.36211400732040644, "p.50": 0.72, "p.100": 0.65, "Bias effect": 1.3585020327702446}