{"Seed": 6, "Prop. class 1": 0.05, "Sel. bias": 0.5, "Method": "traditional", "Test set": "future", "pr": 0.1276459268762027, "AUPRC": 0.23599227215281549, "p.50": 0.48, "p.100": 0.42, "Bias effect": 1.130150207304567}