{"Seed": 16, "Prop. class 1": 0.05, "Sel. bias": 0.5, "Method": "traditional", "Test set": "future", "pr": 0.12507817385866166, "AUPRC": 0.2259439185359598, "p.50": 0.38, "p.100": 0.39, "Bias effect": 0.9405766461655375}