{"Seed": 41, "Prop. class 1": 0.05, "Sel. bias": 0.5, "Method": "Self_Learning", "Test set": "future", "pr": 0.1274712304514606, "AUPRC": 0.29581308495793346, "p.50": 0.56, "p.100": 0.48, "Bias effect": 0.902842167816954}