{"Seed": 29, "Prop. class 1": 0.05, "Sel. bias": 0, "Method": "Label_Propagation", "Test set": "future", "pr": 0.0, "AUPRC": 0.3159158939461132, "p.50": 0.5, "p.100": 0.42, "Bias effect": 1.5837857460109215}