{"Seed": 17, "Prop. class 1": 0.05, "Sel. bias": 0.95, "Method": "Self_Learning", "Test set": "future", "pr": 0.06629541235746486, "AUPRC": 0.3680980325963424, "p.50": 0.74, "p.100": 0.58, "Bias effect": 0.8510231567281393}