{"Seed": 7, "Prop. class 1": 0.05, "Sel. bias": 0.95, "Method": "Self_Learning", "Test set": "future", "pr": 0.06722462203023757, "AUPRC": 0.27834373768840803, "p.50": 0.44, "p.100": 0.46, "Bias effect": 1.1320486391571067}