{"Seed": 30, "Prop. class 1": 0.05, "Sel. bias": 0.5, "Method": "Semi-supervised", "Test set": "future", "pr": 0.28125, "AUPRC": 0.2684081000259333, "p.50": 0.6, "p.100": 0.48, "Bias effect": 1.0152195820860037}