{"Seed": 38, "Prop. class 1": 0.05, "Sel. bias": 0.5, "Method": "Semi-supervised", "Test set": "future", "pr": 0.2948328267477204, "AUPRC": 0.3106511614403715, "p.50": 0.7, "p.100": 0.55, "Bias effect": 0.8433555355942275}