{"Seed": 18, "Prop. class 1": 0.5, "Sel. bias": 0, "Method": "traditional", "Test set": "future", "pr": 0.7378205128205129, "AUPRC": 0.79653121993619, "p.50": 1.0, "p.100": 0.99, "Bias effect": 1.6710806444467377}