{"Seed": 40, "Prop. class 1": 0.05, "Sel. bias": 0.95, "Method": "Self_Learning", "Test set": "future", "pr": 0.07046691492409052, "AUPRC": 0.3122648800950184, "p.50": 0.52, "p.100": 0.51, "Bias effect": 1.0029260573391112}