{"Seed": 43, "Prop. class 1": 0.05, "Sel. bias": 0.5, "Method": "Self_Learning", "Test set": "future", "pr": 0.17716303708063566, "AUPRC": 0.22406948654003175, "p.50": 0.46, "p.100": 0.37, "Bias effect": 1.057928437531302}