{"Seed": 15, "Prop. class 1": 0.5, "Sel. bias": 0, "Method": "Semi-supervised", "Test set": "future", "pr": 0.9005799502899752, "AUPRC": 0.7959420725593933, "p.50": 1.0, "p.100": 0.99, "Bias effect": 1.6196329433194179}