{"Seed": 12, "Prop. class 1": 0.05, "Sel. bias": 0, "Method": "Self_Learning", "Test set": "future", "pr": 0.31343283582089554, "AUPRC": 0.18278264978842979, "p.50": 0.34, "p.100": 0.31, "Bias effect": 1.5504323264149733}