{"Seed": 23, "Prop. class 1": 0.5, "Sel. bias": 0.5, "Method": "Self_Learning", "Test set": "future", "pr": 0.8258513931888545, "AUPRC": 0.7831651101507708, "p.50": 0.98, "p.100": 0.96, "Bias effect": 1.6971651696845167}