{"Seed": 21, "Prop. class 1": 0.5, "Sel. bias": 0, "Method": "Label_spreading", "Test set": "future", "pr": 0.6390243902439025, "AUPRC": 0.8462626840647032, "p.50": 1.0, "p.100": 1.0, "Bias effect": 2.130814025587518}