{"Seed": 43, "Prop. class 1": 0.5, "Sel. bias": 0, "Method": "Label_Propagation", "Test set": "future", "pr": 0.989247311827957, "AUPRC": 0.8416593297311757, "p.50": 1.0, "p.100": 0.99, "Bias effect": 2.1627568366046885}