{"Seed": 17, "Prop. class 1": 0.05, "Sel. bias": 0, "Method": "Self_Learning", "Test set": "future", "pr": 0.12312892322549493, "AUPRC": 0.14930009420582258, "p.50": 0.36, "p.100": 0.33, "Bias effect": 1.491818144165372}