{"Seed": 44, "Prop. class 1": 0.5, "Sel. bias": 0.95, "Method": "Semi-supervised", "Test set": "future", "pr": 0.7521929824561403, "AUPRC": 0.6521873432935947, "p.50": 0.86, "p.100": 0.8, "Bias effect": 1.8736909673082112}