{"Seed": 16, "Prop. class 1": 0.5, "Sel. bias": 0.5, "Method": "traditional", "Test set": "future", "pr": 0.7322515212981744, "AUPRC": 0.7131906714780569, "p.50": 0.94, "p.100": 0.92, "Bias effect": 1.680709549610946}