{"Seed": 29, "Prop. class 1": 0.5, "Sel. bias": 0.95, "Method": "Veenman", "Test set": "future", "pr": 0.8691437802907916, "AUPRC": 0.6768879357717564, "p.50": 0.96, "p.100": 0.95, "Bias effect": 1.896473817367567}