{"Seed": 31, "Prop. class 1": 0.5, "Sel. bias": 0, "Method": "traditional", "Test set": "future", "pr": 0.7032059896333269, "AUPRC": 0.7913088541843287, "p.50": 0.98, "p.100": 0.98, "Bias effect": 1.6897031263314475}