{"Seed": 19, "Prop. class 1": 0.5, "Sel. bias": 0, "Method": "Veenman", "Test set": "future", "pr": 0.841358024691358, "AUPRC": 0.7501755708357228, "p.50": 0.98, "p.100": 0.91, "Bias effect": 1.7495017188510207}