{"Seed": 14, "Prop. class 1": 0.5, "Sel. bias": 0, "Method": "Veenman", "Test set": "future", "pr": 0.7929936305732485, "AUPRC": 0.7308372931071144, "p.50": 1.0, "p.100": 0.94, "Bias effect": 1.8240364896466197}