{"Seed": 16, "Prop. class 1": 0.05, "Sel. bias": 0.95, "Method": "Self_Learning", "Test set": "future", "pr": 0.07728264256777813, "AUPRC": 0.2685736020025926, "p.50": 0.5, "p.100": 0.48, "Bias effect": 1.117959366673782}