{"Seed": 36, "Prop. class 1": 0.05, "Sel. bias": 0, "Method": "Label_spreading", "Test set": "future", "pr": 0.0, "AUPRC": 0.2711028802321656, "p.50": 0.44, "p.100": 0.41, "Bias effect": 1.0757556758953168}