{"Seed": 26, "Prop. class 1": 0.05, "Sel. bias": 0.95, "Method": "Veenman", "Test set": "future", "pr": 0.5240963855421686, "AUPRC": 0.3427462076731197, "p.50": 0.66, "p.100": 0.55, "Bias effect": 1.0327381359171417}