{"Seed": 10, "Prop. class 1": 0.5, "Sel. bias": 0, "Method": "traditional", "Test set": "future", "pr": 0.7069342340552355, "AUPRC": 0.7826354251674433, "p.50": 1.0, "p.100": 0.98, "Bias effect": 1.6611106416304797}