{"Seed": 21, "Prop. class 1": 0.5, "Sel. bias": 0.5, "Method": "Semi-supervised", "Test set": "future", "pr": 0.8095238095238095, "AUPRC": 0.5906501259183163, "p.50": 0.82, "p.100": 0.83, "Bias effect": 2.1513434037144226}