{"Seed": 35, "Prop. class 1": 0.5, "Sel. bias": 0.5, "Method": "Semi-supervised", "Test set": "future", "pr": 0.8391959798994975, "AUPRC": 0.6358094418360717, "p.50": 0.96, "p.100": 0.94, "Bias effect": 2.1013072455282282}