{"Seed": 4, "Prop. class 1": 0.5, "Sel. bias": 0.95, "Method": "Self_Learning", "Test set": "future", "pr": 0.6939874364343405, "AUPRC": 0.6995150000312851, "p.50": 0.9, "p.100": 0.87, "Bias effect": 1.6493513456376074}