{"Seed": 0, "Prop. class 1": 0.05, "Sel. bias": 0.5, "Method": "Self_Learning", "Test set": "future", "pr": 0.10093837179812326, "AUPRC": 0.19630417387968876, "p.50": 0.52, "p.100": 0.41, "Bias effect": 1.239626864620931}