{"Seed": 32, "Prop. class 1": 0.5, "Sel. bias": 0.5, "Method": "Veenman", "Test set": "future", "pr": 0.8823529411764706, "AUPRC": 0.6258821273840678, "p.50": 0.9, "p.100": 0.94, "Bias effect": 2.1061240701792183}