{"Seed": 9, "Prop. class 1": 0.05, "Sel. bias": 0, "Method": "Veenman", "Test set": "future", "pr": 0.3706896551724138, "AUPRC": 0.23829524534725327, "p.50": 0.5, "p.100": 0.44, "Bias effect": 1.0449469801847144}