{"Seed": 43, "Prop. class 1": 0.5, "Sel. bias": 0, "Method": "Veenman", "Test set": "future", "pr": 0.8576923076923076, "AUPRC": 0.6993335105513983, "p.50": 0.94, "p.100": 0.93, "Bias effect": 1.449684445677448}