{"Seed": 27, "Prop. class 1": 0.5, "Sel. bias": 0, "Method": "Semi-supervised", "Test set": "future", "pr": 0.827140549273021, "AUPRC": 0.7511107764880518, "p.50": 0.96, "p.100": 0.95, "Bias effect": 1.5286045961697474}