{"Seed": 27, "Prop. class 1": 0.05, "Sel. bias": 0.5, "Method": "traditional", "Test set": "future", "pr": 0.09636608344549125, "AUPRC": 0.16128088052926676, "p.50": 0.3, "p.100": 0.31, "Bias effect": 1.6401165899523182}