{"Seed": 2, "Prop. class 1": 0.5, "Sel. bias": 0, "Method": "Self_Learning", "Test set": "future", "pr": 0.6865475070555033, "AUPRC": 0.7647621738310295, "p.50": 1.0, "p.100": 0.98, "Bias effect": 1.7892011839456614}