{"Seed": 31, "Prop. class 1": 0.5, "Sel. bias": 0, "Method": "Label_Propagation", "Test set": "future", "pr": 0.8410301953818827, "AUPRC": 0.8444878031761494, "p.50": 1.0, "p.100": 0.99, "Bias effect": 2.0261858642884683}