{"Seed": 30, "Prop. class 1": 0.05, "Sel. bias": 0.95, "Method": "Semi-supervised", "Test set": "future", "pr": 0.5974025974025974, "AUPRC": 0.40200695654613805, "p.50": 0.56, "p.100": 0.6, "Bias effect": 0.9212027131559484}