{"Seed": 10, "Prop. class 1": 0.05, "Sel. bias": 0.5, "Method": "Self_Learning", "Test set": "future", "pr": 0.4729064039408867, "AUPRC": 0.307518599145043, "p.50": 0.58, "p.100": 0.55, "Bias effect": 0.8943245020660607}