{"Seed": 42, "Prop. class 1": 0.05, "Sel. bias": 0, "Method": "traditional", "Test set": "future", "pr": 0.4140127388535032, "AUPRC": 0.23384075866472756, "p.50": 0.5, "p.100": 0.46, "Bias effect": 1.3229444475558232}