{"Seed": 35, "Prop. class 1": 0.05, "Sel. bias": 0.5, "Method": "Label_spreading", "Test set": "future", "pr": 0.13070283600493218, "AUPRC": 0.25465384170216177, "p.50": 0.44, "p.100": 0.42, "Bias effect": 1.0752574926250313}