{"Seed": 42, "Prop. class 1": 0.5, "Sel. bias": 0.5, "Method": "traditional", "Test set": "future", "pr": 0.7680861980502822, "AUPRC": 0.701112921659427, "p.50": 0.98, "p.100": 0.97, "Bias effect": 1.9877252567306836}