{"Seed": 36, "Prop. class 1": 0.5, "Sel. bias": 0.95, "Method": "traditional", "Test set": "future", "pr": 0.6840788238974038, "AUPRC": 0.6831711636979726, "p.50": 0.84, "p.100": 0.89, "Bias effect": 1.9385889676311001}