{"Seed": 31, "Prop. class 1": 0.05, "Sel. bias": 0, "Method": "Semi-supervised", "Test set": "future", "pr": 0.3076923076923077, "AUPRC": 0.17855149401239362, "p.50": 0.34, "p.100": 0.35, "Bias effect": 1.21449843523167}