{"Seed": 40, "Prop. class 1": 0.05, "Sel. bias": 0.95, "Method": "Label_spreading", "Test set": "future", "pr": 0.0501, "AUPRC": 0.4003635701179014, "p.50": 0.72, "p.100": 0.63, "Bias effect": 1.375751629468233}