{"Seed": 38, "Prop. class 1": 0.5, "Sel. bias": 0.5, "Method": "traditional", "Test set": "future", "pr": 0.8061093247588424, "AUPRC": 0.7947318080999076, "p.50": 0.98, "p.100": 0.98, "Bias effect": 1.9206251812757094}