{"Seed": 40, "Prop. class 1": 0.5, "Sel. bias": 0.5, "Method": "Veenman", "Test set": "future", "pr": 0.8035714285714286, "AUPRC": 0.6424214109489637, "p.50": 0.88, "p.100": 0.87, "Bias effect": 2.1897416829673264}