{"Seed": 29, "Prop. class 1": 0.05, "Sel. bias": 0.95, "Method": "traditional", "Test set": "future", "pr": 0.09204630321135175, "AUPRC": 0.3173810130928182, "p.50": 0.58, "p.100": 0.56, "Bias effect": 1.023461518901819}