{"Seed": 20, "Prop. class 1": 0.05, "Sel. bias": 0.95, "Method": "Label_spreading", "Test set": "future", "pr": 0.05, "AUPRC": 0.4400753375748777, "p.50": 0.72, "p.100": 0.69, "Bias effect": 1.136645027992235}