{"Seed": 9, "Prop. class 1": 0.5, "Sel. bias": 0, "Method": "Label_spreading", "Test set": "future", "pr": 0.7177206851119895, "AUPRC": 0.8646611223365093, "p.50": 1.0, "p.100": 0.99, "Bias effect": 2.1306938636719237}