{"Seed": 34, "Prop. class 1": 0.5, "Sel. bias": 0.95, "Method": "Self_Learning", "Test set": "future", "pr": 0.660144785756212, "AUPRC": 0.7085809755056288, "p.50": 0.9, "p.100": 0.87, "Bias effect": 1.7893621453527002}