{"Seed": 39, "Prop. class 1": 0.5, "Sel. bias": 0.95, "Method": "Self_Learning", "Test set": "future", "pr": 0.6626506024096386, "AUPRC": 0.6832744646617048, "p.50": 0.78, "p.100": 0.75, "Bias effect": 1.7039505046961718}