{"Seed": 33, "Prop. class 1": 0.5, "Sel. bias": 0.5, "Method": "Self_Learning", "Test set": "future", "pr": 0.7800129785853342, "AUPRC": 0.766460471169786, "p.50": 0.98, "p.100": 0.98, "Bias effect": 1.9748184022271842}