{"Seed": 29, "Prop. class 1": 0.5, "Sel. bias": 0.5, "Method": "Self_Learning", "Test set": "future", "pr": 0.701726427622842, "AUPRC": 0.7338519421935361, "p.50": 1.0, "p.100": 0.98, "Bias effect": 1.9105683195710854}