{"Seed": 20, "Prop. class 1": 0.5, "Sel. bias": 0.95, "Method": "traditional", "Test set": "future", "pr": 0.5454959053685169, "AUPRC": 0.7265681855395418, "p.50": 0.94, "p.100": 0.92, "Bias effect": 1.8112845158617583}