{"Seed": 1, "Prop. class 1": 0.5, "Sel. bias": 0, "Method": "Self_Learning", "Test set": "future", "pr": 0.6693375024428376, "AUPRC": 0.7462853451000044, "p.50": 0.96, "p.100": 0.97, "Bias effect": 1.4708922966836908}