{"Seed": 1, "Prop. class 1": 0.5, "Sel. bias": 0, "Method": "Semi-supervised", "Test set": "future", "pr": 1.0, "AUPRC": 0.7410476846967635, "p.50": 0.96, "p.100": 0.91, "Bias effect": 1.1505684782696235}