{"Seed": 20, "Prop. class 1": 0.5, "Sel. bias": 0.95, "Method": "Label_spreading", "Test set": "future", "pr": 0.5002, "AUPRC": 0.7300392108299614, "p.50": 0.88, "p.100": 0.91, "Bias effect": 2.3888656732991165}