{"Seed": 26, "Prop. class 1": 0.5, "Sel. bias": 0, "Method": "Label_spreading", "Test set": "future", "pr": 0.668898043254377, "AUPRC": 0.7659559908047779, "p.50": 0.92, "p.100": 0.93, "Bias effect": 1.5185197629778528}