{"Seed": 10, "Prop. class 1": 0.05, "Sel. bias": 0.5, "Method": "Veenman", "Test set": "future", "pr": 0.8181818181818182, "AUPRC": 0.33847227674785363, "p.50": 0.66, "p.100": 0.61, "Bias effect": 0.9587116775382986}