{"Seed": 7, "Prop. class 1": 0.05, "Sel. bias": 0.95, "Method": "Label_Propagation", "Test set": "future", "pr": 0.05, "AUPRC": 0.4222784734554124, "p.50": 0.84, "p.100": 0.66, "Bias effect": 1.31595635070297}