{"Seed": 20, "Prop. class 1": 0.5, "Sel. bias": 0.95, "Method": "Semi-supervised", "Test set": "future", "pr": 0.7549824150058617, "AUPRC": 0.6390808651525361, "p.50": 0.88, "p.100": 0.82, "Bias effect": 1.991025989893586}