{"Seed": 5, "Prop. class 1": 0.05, "Sel. bias": 0.95, "Method": "Label_Propagation", "Test set": "future", "pr": 0.05, "AUPRC": 0.3375223840030061, "p.50": 0.76, "p.100": 0.6, "Bias effect": 1.2988079858050712}