{"Seed": 39, "Prop. class 1": 0.5, "Sel. bias": 0.5, "Method": "traditional", "Test set": "future", "pr": 0.8623145400593472, "AUPRC": 0.7649485974469356, "p.50": 0.96, "p.100": 0.95, "Bias effect": 2.209832159875065}