{"Seed": 7, "Prop. class 1": 0.5, "Sel. bias": 0, "Method": "traditional", "Test set": "future", "pr": 0.7479816713942832, "AUPRC": 0.800255595746655, "p.50": 0.98, "p.100": 0.98, "Bias effect": 1.7669086481386644}