{"Seed": 36, "Prop. class 1": 0.05, "Sel. bias": 0, "Method": "Veenman", "Test set": "future", "pr": 1.0, "AUPRC": 0.23751392362002902, "p.50": 0.5, "p.100": 0.43, "Bias effect": 1.19717827909413}