{"Seed": 42, "Prop. class 1": 0.05, "Sel. bias": 0.95, "Method": "Semi-supervised", "Test set": "future", "pr": 0.4351464435146444, "AUPRC": 0.3342903624234783, "p.50": 0.62, "p.100": 0.61, "Bias effect": 1.0604078825606242}