{"Seed": 38, "Prop. class 1": 0.5, "Sel. bias": 0, "Method": "Semi-supervised", "Test set": "future", "pr": 0.9028697571743929, "AUPRC": 0.7516158417758819, "p.50": 0.92, "p.100": 0.91, "Bias effect": 1.3818825608361212}