{"Seed": 5, "Prop. class 1": 0.5, "Sel. bias": 0.95, "Method": "Label_Propagation", "Test set": "future", "pr": 0.5002, "AUPRC": 0.7409103495023207, "p.50": 0.98, "p.100": 0.96, "Bias effect": 2.26270748432545}