{"Seed": 38, "Prop. class 1": 0.05, "Sel. bias": 0.5, "Method": "traditional", "Test set": "future", "pr": 0.15159282314170633, "AUPRC": 0.3232622757664157, "p.50": 0.7, "p.100": 0.6, "Bias effect": 0.9976754569212108}