{"Seed": 3, "Prop. class 1": 0.5, "Sel. bias": 0.95, "Method": "Veenman", "Test set": "future", "pr": 0.8073979591836735, "AUPRC": 0.6635278421470019, "p.50": 0.98, "p.100": 0.96, "Bias effect": 1.7287407235047636}