{"Seed": 22, "Prop. class 1": 0.05, "Sel. bias": 0, "Method": "traditional", "Test set": "future", "pr": 0.47368421052631576, "AUPRC": 0.2080917524310687, "p.50": 0.46, "p.100": 0.37, "Bias effect": 1.019522955282534}