{"Seed": 21, "Prop. class 1": 0.05, "Sel. bias": 0.95, "Method": "Self_Learning", "Test set": "future", "pr": 0.07643013441700532, "AUPRC": 0.30186638801577037, "p.50": 0.64, "p.100": 0.49, "Bias effect": 1.072047069283043}