{"Seed": 31, "Prop. class 1": 0.05, "Sel. bias": 0.5, "Method": "Label_spreading", "Test set": "future", "pr": 0.07644628099173553, "AUPRC": 0.3080239834678089, "p.50": 0.56, "p.100": 0.48, "Bias effect": 0.9476204821585817}