{"Seed": 19, "Prop. class 1": 0.05, "Sel. bias": 0, "Method": "Label_Propagation", "Test set": "future", "pr": 0.0, "AUPRC": 0.3702502299772708, "p.50": 0.74, "p.100": 0.63, "Bias effect": 1.3918669250804008}