{"Seed": 24, "Prop. class 1": 0.05, "Sel. bias": 0, "Method": "traditional", "Test set": "future", "pr": 0.0, "AUPRC": 0.18783762984024072, "p.50": 0.32, "p.100": 0.38, "Bias effect": 0.9211053366512483}