{"Seed": 13, "Prop. class 1": 0.5, "Sel. bias": 0, "Method": "Veenman", "Test set": "future", "pr": 0.0, "AUPRC": 0.7393564048310541, "p.50": 0.92, "p.100": 0.94, "Bias effect": 1.3541459357416885}