{"Seed": 10, "Prop. class 1": 0.5, "Sel. bias": 0, "Method": "Label_spreading", "Test set": "future", "pr": 0.7579462102689487, "AUPRC": 0.8244030215325979, "p.50": 0.94, "p.100": 0.96, "Bias effect": 1.5948976395096648}