{"Seed": 29, "Prop. class 1": 0.5, "Sel. bias": 0.95, "Method": "Self_Learning", "Test set": "future", "pr": 0.6826424870466321, "AUPRC": 0.7275811832808969, "p.50": 0.96, "p.100": 0.97, "Bias effect": 1.5276156717397569}