{"Seed": 22, "Prop. class 1": 0.05, "Sel. bias": 0.95, "Method": "Semi-supervised", "Test set": "future", "pr": 0.6470588235294118, "AUPRC": 0.3857410648522827, "p.50": 0.74, "p.100": 0.65, "Bias effect": 0.9407960700251864}