{"Seed": 14, "Prop. class 1": 0.5, "Sel. bias": 0.95, "Method": "Self_Learning", "Test set": "future", "pr": 0.6212250469203208, "AUPRC": 0.6883368610413324, "p.50": 0.82, "p.100": 0.85, "Bias effect": 1.6945895869781307}