{"Seed": 6, "Prop. class 1": 0.05, "Sel. bias": 0, "Method": "Semi-supervised", "Test set": "future", "pr": 0.0, "AUPRC": 0.18944034856388264, "p.50": 0.38, "p.100": 0.4, "Bias effect": 0.6853975060145139}