{"Seed": 3, "Prop. class 1": 0.5, "Sel. bias": 0.5, "Method": "Label_spreading", "Test set": "future", "pr": 0.906028965981812, "AUPRC": 0.8859507662147406, "p.50": 1.0, "p.100": 1.0, "Bias effect": 2.026672736583022}