{"Seed": 40, "Prop. class 1": 0.05, "Sel. bias": 0, "Method": "Self_Learning", "Test set": "future", "pr": 0.0, "AUPRC": 0.18389988662649714, "p.50": 0.42, "p.100": 0.4, "Bias effect": 1.0707795182648165}