{"Seed": 15, "Prop. class 1": 0.5, "Sel. bias": 0, "Method": "Veenman", "Test set": "future", "pr": 0.8305362259516987, "AUPRC": 0.7858327791000912, "p.50": 1.0, "p.100": 0.98, "Bias effect": 1.8028307768515268}