{"Seed": 8, "Prop. class 1": 0.5, "Sel. bias": 0, "Method": "Semi-supervised", "Test set": "future", "pr": 0.78125, "AUPRC": 0.7133793282693961, "p.50": 0.92, "p.100": 0.91, "Bias effect": 1.4862102516169249}