{"Seed": 25, "Prop. class 1": 0.5, "Sel. bias": 0, "Method": "Label_Propagation", "Test set": "future", "pr": 0.5, "AUPRC": 0.7947360398975171, "p.50": 0.98, "p.100": 0.99, "Bias effect": 2.2551496210613284}