{"Seed": 44, "Prop. class 1": 0.5, "Sel. bias": 0.95, "Method": "Label_spreading", "Test set": "future", "pr": 0.4998, "AUPRC": 0.7858803428629063, "p.50": 1.0, "p.100": 0.98, "Bias effect": 2.2468484236187054}