{"Seed": 13, "Prop. class 1": 0.5, "Sel. bias": 0.5, "Method": "Semi-supervised", "Test set": "future", "pr": 0.814498933901919, "AUPRC": 0.6411079710413761, "p.50": 0.86, "p.100": 0.86, "Bias effect": 2.1001294275724094}