{"Seed": 33, "Prop. class 1": 0.05, "Sel. bias": 0.95, "Method": "traditional", "Test set": "future", "pr": 0.06768030139935415, "AUPRC": 0.36728303483274416, "p.50": 0.72, "p.100": 0.61, "Bias effect": 0.8906393312497579}