{"Seed": 3, "Prop. class 1": 0.5, "Sel. bias": 0, "Method": "traditional", "Test set": "future", "pr": 0.7262759924385633, "AUPRC": 0.8184444946982041, "p.50": 1.0, "p.100": 0.99, "Bias effect": 1.6058813075150522}