{"Seed": 21, "Prop. class 1": 0.05, "Sel. bias": 0.95, "Method": "Label_Propagation", "Test set": "future", "pr": 0.0499, "AUPRC": 0.43469298575212606, "p.50": 0.86, "p.100": 0.72, "Bias effect": 1.2858195132766927}