{"Seed": 35, "Prop. class 1": 0.05, "Sel. bias": 0.95, "Method": "Self_Learning", "Test set": "future", "pr": 0.07564180929095354, "AUPRC": 0.2861241796971748, "p.50": 0.48, "p.100": 0.43, "Bias effect": 0.9323980201629536}