{"Seed": 1, "Prop. class 1": 0.05, "Sel. bias": 0, "Method": "Label_Propagation", "Test set": "future", "pr": 0.0, "AUPRC": 0.401167400015009, "p.50": 0.76, "p.100": 0.68, "Bias effect": 1.2981732992376451}