{"Seed": 16, "Prop. class 1": 0.05, "Sel. bias": 0.95, "Method": "Veenman", "Test set": "future", "pr": 0.5492957746478874, "AUPRC": 0.343052765227547, "p.50": 0.54, "p.100": 0.56, "Bias effect": 0.8614950294342802}