{"Seed": 12, "Prop. class 1": 0.5, "Sel. bias": 0.95, "Method": "Label_spreading", "Test set": "future", "pr": 0.5, "AUPRC": 0.7609973402751139, "p.50": 0.98, "p.100": 0.96, "Bias effect": 2.353621447910198}