{"Seed": 20, "Prop. class 1": 0.05, "Sel. bias": 0.5, "Method": "Label_spreading", "Test set": "future", "pr": 0.05475251861585633, "AUPRC": 0.34187328200690786, "p.50": 0.68, "p.100": 0.64, "Bias effect": 1.5747139546876108}