{"Seed": 0, "Prop. class 1": 0.05, "Sel. bias": 0.95, "Method": "Label_spreading", "Test set": "future", "pr": 0.0501, "AUPRC": 0.3025205195330667, "p.50": 0.66, "p.100": 0.5, "Bias effect": 1.4243792023101551}