{"Seed": 8, "Prop. class 1": 0.05, "Sel. bias": 0.95, "Method": "Veenman", "Test set": "future", "pr": 0.625, "AUPRC": 0.3300079842689002, "p.50": 0.52, "p.100": 0.53, "Bias effect": 0.9857794965662466}