{"Seed": 13, "Prop. class 1": 0.05, "Sel. bias": 0.5, "Method": "Semi-supervised", "Test set": "future", "pr": 0.5535714285714286, "AUPRC": 0.2945785702890986, "p.50": 0.56, "p.100": 0.53, "Bias effect": 1.1207745342434972}