{"Seed": 33, "Prop. class 1": 0.5, "Sel. bias": 0.95, "Method": "Semi-supervised", "Test set": "future", "pr": 0.775609756097561, "AUPRC": 0.6379797318965653, "p.50": 0.84, "p.100": 0.88, "Bias effect": 1.9084377450327126}