{"Seed": 22, "Prop. class 1": 0.05, "Sel. bias": 0.5, "Method": "Veenman", "Test set": "future", "pr": 0.9166666666666666, "AUPRC": 0.35608626969058016, "p.50": 0.68, "p.100": 0.6, "Bias effect": 1.060701065285582}