{"Seed": 43, "Prop. class 1": 0.05, "Sel. bias": 0.5, "Method": "Semi-supervised", "Test set": "future", "pr": 0.5955056179775281, "AUPRC": 0.3029716863473818, "p.50": 0.6, "p.100": 0.55, "Bias effect": 0.9404753020081824}