{"Seed": 42, "Prop. class 1": 0.05, "Sel. bias": 0.95, "Method": "Veenman", "Test set": "future", "pr": 0.6233766233766234, "AUPRC": 0.3386583995891849, "p.50": 0.7, "p.100": 0.54, "Bias effect": 1.069101486761166}