{"Seed": 6, "Prop. class 1": 0.5, "Sel. bias": 0.5, "Method": "Veenman", "Test set": "future", "pr": 0.7914110429447853, "AUPRC": 0.6229375571918438, "p.50": 0.74, "p.100": 0.77, "Bias effect": 2.223273743619565}