{"Seed": 3, "Prop. class 1": 0.5, "Sel. bias": 0, "Method": "Label_spreading", "Test set": "future", "pr": 0.7242450388265746, "AUPRC": 0.836755923749015, "p.50": 0.94, "p.100": 0.97, "Bias effect": 1.6342026308415576}