{"Seed": 10, "Prop. class 1": 0.5, "Sel. bias": 0.95, "Method": "Label_Propagation", "Test set": "future", "pr": 0.4999, "AUPRC": 0.7517346330023116, "p.50": 0.88, "p.100": 0.9, "Bias effect": 2.361410828733489}