{"Seed": 27, "Prop. class 1": 0.5, "Sel. bias": 0.95, "Method": "Veenman", "Test set": "future", "pr": 0.8038507821901324, "AUPRC": 0.6807709136154867, "p.50": 0.98, "p.100": 0.95, "Bias effect": 1.849486360276237}