{"Seed": 29, "Prop. class 1": 0.05, "Sel. bias": 0.5, "Method": "traditional", "Test set": "future", "pr": 0.1435152374202693, "AUPRC": 0.24792625026848034, "p.50": 0.42, "p.100": 0.41, "Bias effect": 0.9206610525318007}