{"Seed": 20, "Prop. class 1": 0.05, "Sel. bias": 0.95, "Method": "traditional", "Test set": "future", "pr": 0.08480443059882312, "AUPRC": 0.30781981696907756, "p.50": 0.52, "p.100": 0.5, "Bias effect": 0.9301604021750713}