{"Seed": 42, "Prop. class 1": 0.5, "Sel. bias": 0.95, "Method": "Semi-supervised", "Test set": "future", "pr": 0.7754137115839244, "AUPRC": 0.6406481843585852, "p.50": 0.82, "p.100": 0.81, "Bias effect": 1.9933435088728169}