{"Seed": 0, "Prop. class 1": 0.05, "Sel. bias": 0.95, "Method": "Label_Propagation", "Test set": "future", "pr": 0.0501, "AUPRC": 0.2848778247952733, "p.50": 0.6, "p.100": 0.48, "Bias effect": 1.275224673457879}