{"Seed": 12, "Prop. class 1": 0.5, "Sel. bias": 0, "Method": "traditional", "Test set": "future", "pr": 0.7049084534476042, "AUPRC": 0.7774227539867952, "p.50": 0.96, "p.100": 0.96, "Bias effect": 1.2588085033549599}