{"Seed": 23, "Prop. class 1": 0.5, "Sel. bias": 0, "Method": "Self_Learning", "Test set": "future", "pr": 0.6980839945809948, "AUPRC": 0.7862581122218021, "p.50": 1.0, "p.100": 0.99, "Bias effect": 1.594422141535062}