{"Seed": 38, "Prop. class 1": 0.5, "Sel. bias": 0, "Method": "Self_Learning", "Test set": "future", "pr": 0.6368813825608798, "AUPRC": 0.7000271417092838, "p.50": 0.96, "p.100": 0.9, "Bias effect": 1.6167178289105617}