{"Seed": 21, "Prop. class 1": 0.5, "Sel. bias": 0, "Method": "Self_Learning", "Test set": "future", "pr": 0.6775029916234543, "AUPRC": 0.7368531440282767, "p.50": 1.0, "p.100": 1.0, "Bias effect": 1.645942434397324}