{"Seed": 25, "Prop. class 1": 0.5, "Sel. bias": 0, "Method": "Semi-supervised", "Test set": "future", "pr": 0.7658168083097262, "AUPRC": 0.7209461942294362, "p.50": 0.94, "p.100": 0.96, "Bias effect": 1.4821346707066876}