{"Seed": 15, "Prop. class 1": 0.5, "Sel. bias": 0.95, "Method": "Semi-supervised", "Test set": "future", "pr": 0.7874015748031497, "AUPRC": 0.6711070723869754, "p.50": 0.84, "p.100": 0.85, "Bias effect": 2.184160503978349}