{"Seed": 19, "Prop. class 1": 0.5, "Sel. bias": 0, "Method": "Semi-supervised", "Test set": "future", "pr": 0.9222343921139102, "AUPRC": 0.7970304002220467, "p.50": 1.0, "p.100": 0.98, "Bias effect": 1.6425013330800164}