{"Seed": 32, "Prop. class 1": 0.05, "Sel. bias": 0.95, "Method": "Veenman", "Test set": "future", "pr": 0.6631578947368421, "AUPRC": 0.41374161506451895, "p.50": 0.72, "p.100": 0.66, "Bias effect": 0.9085576180795313}