{"Seed": 6, "Prop. class 1": 0.05, "Sel. bias": 0, "Method": "Veenman", "Test set": "future", "pr": 0.0, "AUPRC": 0.15281810337277038, "p.50": 0.32, "p.100": 0.3, "Bias effect": 0.7623901593920897}