{"Seed": 1, "Prop. class 1": 0.05, "Sel. bias": 0.5, "Method": "traditional", "Test set": "future", "pr": 0.11136107986501688, "AUPRC": 0.22795075788774036, "p.50": 0.54, "p.100": 0.45, "Bias effect": 1.4867826887112587}