{"Seed": 41, "Prop. class 1": 0.5, "Sel. bias": 0.95, "Method": "Label_spreading", "Test set": "future", "pr": 0.4998, "AUPRC": 0.7453034901333091, "p.50": 0.98, "p.100": 0.96, "Bias effect": 2.3149103619688893}