{"Seed": 31, "Prop. class 1": 0.05, "Sel. bias": 0.5, "Method": "Self_Learning", "Test set": "future", "pr": 0.11839323467230443, "AUPRC": 0.2932858188812422, "p.50": 0.64, "p.100": 0.55, "Bias effect": 0.9449947766483396}