{"Seed": 43, "Prop. class 1": 0.05, "Sel. bias": 0.95, "Method": "Label_spreading", "Test set": "future", "pr": 0.0501, "AUPRC": 0.42406001751763855, "p.50": 0.84, "p.100": 0.67, "Bias effect": 1.3355061143702742}