{"Seed": 44, "Prop. class 1": 0.5, "Sel. bias": 0.95, "Method": "Veenman", "Test set": "future", "pr": 0.7907894736842105, "AUPRC": 0.6283680114609699, "p.50": 0.98, "p.100": 0.95, "Bias effect": 1.8370491096691386}