{"Seed": 35, "Prop. class 1": 0.5, "Sel. bias": 0.5, "Method": "Veenman", "Test set": "future", "pr": 0.8421052631578947, "AUPRC": 0.6553615525360948, "p.50": 0.96, "p.100": 0.96, "Bias effect": 2.2000210948419214}