{"Seed": 20, "Prop. class 1": 0.5, "Sel. bias": 0.95, "Method": "Self_Learning", "Test set": "future", "pr": 0.6305476469603082, "AUPRC": 0.6912737109491623, "p.50": 0.86, "p.100": 0.85, "Bias effect": 1.6582456392141574}