{"Seed": 36, "Prop. class 1": 0.5, "Sel. bias": 0.95, "Method": "Self_Learning", "Test set": "future", "pr": 0.6796709753231492, "AUPRC": 0.6852705323844795, "p.50": 0.78, "p.100": 0.8, "Bias effect": 1.7333079381160164}