{"Seed": 21, "Prop. class 1": 0.5, "Sel. bias": 0.95, "Method": "Veenman", "Test set": "future", "pr": 0.8025568181818182, "AUPRC": 0.6598290596362077, "p.50": 0.96, "p.100": 0.97, "Bias effect": 1.988435184982587}