{"Seed": 14, "Prop. class 1": 0.05, "Sel. bias": 0, "Method": "Self_Learning", "Test set": "future", "pr": 0.45714285714285713, "AUPRC": 0.2216747245002583, "p.50": 0.48, "p.100": 0.41, "Bias effect": 1.0499563463681691}