{"Seed": 44, "Prop. class 1": 0.05, "Sel. bias": 0, "Method": "traditional", "Test set": "future", "pr": 0.3918918918918919, "AUPRC": 0.1809244451851008, "p.50": 0.4, "p.100": 0.37, "Bias effect": 1.2169771310205266}