{"Seed": 22, "Prop. class 1": 0.05, "Sel. bias": 0, "Method": "Veenman", "Test set": "future", "pr": 0.0, "AUPRC": 0.17904974926674216, "p.50": 0.38, "p.100": 0.35, "Bias effect": 1.1272070429488763}