{"Seed": 8, "Prop. class 1": 0.05, "Sel. bias": 0, "Method": "Label_spreading", "Test set": "future", "pr": 0.0, "AUPRC": 0.20889390377498915, "p.50": 0.34, "p.100": 0.28, "Bias effect": 1.3192188606525992}