{"Seed": 22, "Prop. class 1": 0.05, "Sel. bias": 0.5, "Method": "traditional", "Test set": "future", "pr": 0.12028301886792453, "AUPRC": 0.2734728772743209, "p.50": 0.62, "p.100": 0.5, "Bias effect": 1.167862054305239}