{"Seed": 20, "Prop. class 1": 0.5, "Sel. bias": 0.5, "Method": "Self_Learning", "Test set": "future", "pr": 0.7704510108864697, "AUPRC": 0.760573298583536, "p.50": 0.96, "p.100": 0.96, "Bias effect": 1.648897067341936}