{"Seed": 35, "Prop. class 1": 0.05, "Sel. bias": 0.95, "Method": "Label_Propagation", "Test set": "future", "pr": 0.0499, "AUPRC": 0.37492023258641916, "p.50": 0.66, "p.100": 0.56, "Bias effect": 1.2080545434233314}