{"Seed": 42, "Prop. class 1": 0.05, "Sel. bias": 0.5, "Method": "Self_Learning", "Test set": "future", "pr": 0.2590448625180897, "AUPRC": 0.2598621775829439, "p.50": 0.58, "p.100": 0.48, "Bias effect": 1.0466752176708087}