{"Seed": 16, "Prop. class 1": 0.5, "Sel. bias": 0.95, "Method": "traditional", "Test set": "future", "pr": 0.6430155210643016, "AUPRC": 0.7093159702832634, "p.50": 0.9, "p.100": 0.88, "Bias effect": 1.7726210917849063}