{"Seed": 24, "Prop. class 1": 0.5, "Sel. bias": 0.95, "Method": "Semi-supervised", "Test set": "future", "pr": 0.7703141928494042, "AUPRC": 0.6502100875398076, "p.50": 0.84, "p.100": 0.86, "Bias effect": 1.9429769866194766}