{"Seed": 6, "Prop. class 1": 0.05, "Sel. bias": 0.95, "Method": "Semi-supervised", "Test set": "future", "pr": 0.5130434782608696, "AUPRC": 0.30065943930446654, "p.50": 0.56, "p.100": 0.52, "Bias effect": 1.0878479261727207}