{"Seed": 26, "Prop. class 1": 0.5, "Sel. bias": 0.95, "Method": "traditional", "Test set": "future", "pr": 0.6576230492196878, "AUPRC": 0.6835849574400742, "p.50": 0.86, "p.100": 0.87, "Bias effect": 1.7583959513276914}