{"Seed": 25, "Prop. class 1": 0.05, "Sel. bias": 0.95, "Method": "Label_spreading", "Test set": "future", "pr": 0.05, "AUPRC": 0.29934547306756004, "p.50": 0.64, "p.100": 0.51, "Bias effect": 1.63161686006476}