{"Seed": 5, "Prop. class 1": 0.5, "Sel. bias": 0, "Method": "Semi-supervised", "Test set": "future", "pr": 0.7541924095322153, "AUPRC": 0.7095124347458, "p.50": 0.94, "p.100": 0.91, "Bias effect": 1.2792177793365942}