{"Seed": 33, "Prop. class 1": 0.05, "Sel. bias": 0, "Method": "Veenman", "Test set": "future", "pr": 0.3881578947368421, "AUPRC": 0.21538235072005402, "p.50": 0.58, "p.100": 0.44, "Bias effect": 1.2629731706330927}