{"Seed": 6, "Prop. class 1": 0.5, "Sel. bias": 0.95, "Method": "Label_spreading", "Test set": "future", "pr": 0.5, "AUPRC": 0.7448698812191051, "p.50": 0.92, "p.100": 0.93, "Bias effect": 2.3108468590984708}