{"Seed": 21, "Prop. class 1": 0.5, "Sel. bias": 0, "Method": "Label_Propagation", "Test set": "future", "pr": 0.5023625213632251, "AUPRC": 0.8115363074057234, "p.50": 1.0, "p.100": 1.0, "Bias effect": 2.022801468011194}