{"Seed": 12, "Prop. class 1": 0.05, "Sel. bias": 0, "Method": "traditional", "Test set": "future", "pr": 1.0, "AUPRC": 0.22905998536406047, "p.50": 0.44, "p.100": 0.4, "Bias effect": 1.3758965206732838}