{"Seed": 23, "Prop. class 1": 0.05, "Sel. bias": 0.5, "Method": "traditional", "Test set": "future", "pr": 0.1324018629407851, "AUPRC": 0.23695562157439562, "p.50": 0.46, "p.100": 0.38, "Bias effect": 1.1848252338794527}