{"Seed": 14, "Prop. class 1": 0.5, "Sel. bias": 0, "Method": "traditional", "Test set": "future", "pr": 0.7058234940964578, "AUPRC": 0.7876800116499018, "p.50": 1.0, "p.100": 0.98, "Bias effect": 1.621682092687976}