{"Seed": 10, "Prop. class 1": 0.5, "Sel. bias": 0.5, "Method": "Self_Learning", "Test set": "future", "pr": 0.8372093023255814, "AUPRC": 0.6237924974038074, "p.50": 0.86, "p.100": 0.89, "Bias effect": 1.8490229014711508}