{"Seed": 10, "Prop. class 1": 0.05, "Sel. bias": 0, "Method": "Veenman", "Test set": "future", "pr": 0.271356783919598, "AUPRC": 0.13265453706455538, "p.50": 0.32, "p.100": 0.3, "Bias effect": 1.3287361409412533}