{"Seed": 42, "Prop. class 1": 0.05, "Sel. bias": 0.5, "Method": "Veenman", "Test set": "future", "pr": 0.6222222222222222, "AUPRC": 0.2845650611356489, "p.50": 0.6, "p.100": 0.53, "Bias effect": 1.065743167110267}