{"Seed": 5, "Prop. class 1": 0.5, "Sel. bias": 0.95, "Method": "Self_Learning", "Test set": "future", "pr": 0.6556235492719983, "AUPRC": 0.6972539744135043, "p.50": 0.86, "p.100": 0.86, "Bias effect": 1.488025555307913}