{"Seed": 16, "Prop. class 1": 0.5, "Sel. bias": 0.5, "Method": "Self_Learning", "Test set": "future", "pr": 0.7419467787114846, "AUPRC": 0.718993408834254, "p.50": 0.96, "p.100": 0.95, "Bias effect": 1.604433522256012}