{"Seed": 35, "Prop. class 1": 0.05, "Sel. bias": 0.95, "Method": "Label_spreading", "Test set": "future", "pr": 0.0499, "AUPRC": 0.35212549643213437, "p.50": 0.66, "p.100": 0.54, "Bias effect": 1.315314422681065}