{"Seed": 10, "Prop. class 1": 0.5, "Sel. bias": 0, "Method": "Self_Learning", "Test set": "future", "pr": 0.6727928546891103, "AUPRC": 0.768299197577029, "p.50": 0.96, "p.100": 0.97, "Bias effect": 1.4376565225322597}