{"Seed": 10, "Prop. class 1": 0.5, "Sel. bias": 0, "Method": "Label_Propagation", "Test set": "future", "pr": 0.6986227866213558, "AUPRC": 0.7653194734002065, "p.50": 0.78, "p.100": 0.82, "Bias effect": 0.7769574851473138}