{"Seed": 18, "Prop. class 1": 0.05, "Sel. bias": 0.5, "Method": "Self_Learning", "Test set": "future", "pr": 0.5, "AUPRC": 0.30968444095392456, "p.50": 0.54, "p.100": 0.5, "Bias effect": 0.9623402678739077}