{"Seed": 17, "Prop. class 1": 0.05, "Sel. bias": 0.5, "Method": "Veenman", "Test set": "future", "pr": 0.78125, "AUPRC": 0.3948668712646342, "p.50": 0.7, "p.100": 0.62, "Bias effect": 0.9703768482896009}