{"Seed": 13, "Prop. class 1": 0.5, "Sel. bias": 0.95, "Method": "Veenman", "Test set": "future", "pr": 0.799475753604194, "AUPRC": 0.6466263418428453, "p.50": 0.94, "p.100": 0.93, "Bias effect": 1.8655973662291534}