{"Seed": 39, "Prop. class 1": 0.05, "Sel. bias": 0, "Method": "Label_Propagation", "Test set": "future", "pr": 0.0, "AUPRC": 0.3131123447447461, "p.50": 0.58, "p.100": 0.5, "Bias effect": 1.4828181877643019}