{"Seed": 15, "Prop. class 1": 0.05, "Sel. bias": 0.95, "Method": "traditional", "Test set": "future", "pr": 0.08081138557173237, "AUPRC": 0.3363310980573016, "p.50": 0.6, "p.100": 0.61, "Bias effect": 1.1371790008740275}