{"Seed": 0, "Prop. class 1": 0.05, "Sel. bias": 0, "Method": "Semi-supervised", "Test set": "future", "pr": 1.0, "AUPRC": 0.12813546681596694, "p.50": 0.24, "p.100": 0.2, "Bias effect": 0.9708873188323072}