{"Seed": 24, "Prop. class 1": 0.05, "Sel. bias": 0, "Method": "Label_spreading", "Test set": "future", "pr": 0.0, "AUPRC": 0.19638569487416496, "p.50": 0.32, "p.100": 0.33, "Bias effect": 1.0828195160832499}