{"Seed": 25, "Prop. class 1": 0.5, "Sel. bias": 0, "Method": "Label_spreading", "Test set": "future", "pr": 0.5182945898050662, "AUPRC": 0.7979051473262035, "p.50": 0.98, "p.100": 0.99, "Bias effect": 2.2794456791403066}