{"Seed": 29, "Prop. class 1": 0.5, "Sel. bias": 0, "Method": "Self_Learning", "Test set": "future", "pr": 0.7418083782662795, "AUPRC": 0.8118788477998355, "p.50": 1.0, "p.100": 0.99, "Bias effect": 1.8217211200310544}