{"Seed": 15, "Prop. class 1": 0.5, "Sel. bias": 0.5, "Method": "Self_Learning", "Test set": "future", "pr": 0.7796030116358659, "AUPRC": 0.7578053093452315, "p.50": 0.98, "p.100": 0.97, "Bias effect": 1.7642877396561834}