{"Seed": 44, "Prop. class 1": 0.5, "Sel. bias": 0, "Method": "Label_spreading", "Test set": "future", "pr": 0.6622950819672131, "AUPRC": 0.7764667982813276, "p.50": 0.92, "p.100": 0.95, "Bias effect": 1.625196516829479}