{"Seed": 43, "Prop. class 1": 0.5, "Sel. bias": 0.95, "Method": "Self_Learning", "Test set": "future", "pr": 0.6634657354866871, "AUPRC": 0.7055757182507241, "p.50": 0.94, "p.100": 0.94, "Bias effect": 1.671913025391683}