{"Seed": 26, "Prop. class 1": 0.05, "Sel. bias": 0.95, "Method": "Label_Propagation", "Test set": "future", "pr": 0.0501, "AUPRC": 0.3965764974442956, "p.50": 0.7, "p.100": 0.65, "Bias effect": 1.2284393956052793}