{"Seed": 33, "Prop. class 1": 0.5, "Sel. bias": 0.95, "Method": "Veenman", "Test set": "future", "pr": 0.8023088023088023, "AUPRC": 0.6356100591203192, "p.50": 0.92, "p.100": 0.92, "Bias effect": 1.8644068929970354}