{"Seed": 8, "Prop. class 1": 0.5, "Sel. bias": 0.95, "Method": "Label_spreading", "Test set": "future", "pr": 0.5, "AUPRC": 0.7766893786338578, "p.50": 1.0, "p.100": 0.96, "Bias effect": 2.3542228791377076}