{"Seed": 39, "Prop. class 1": 0.05, "Sel. bias": 0, "Method": "Self_Learning", "Test set": "future", "pr": 0.675, "AUPRC": 0.290258646886679, "p.50": 0.66, "p.100": 0.58, "Bias effect": 1.1727343843129143}