{"Seed": 33, "Prop. class 1": 0.05, "Sel. bias": 0, "Method": "traditional", "Test set": "future", "pr": 0.45263157894736844, "AUPRC": 0.2194148158669984, "p.50": 0.58, "p.100": 0.44, "Bias effect": 1.4571045455033989}