{"Seed": 42, "Prop. class 1": 0.5, "Sel. bias": 0, "Method": "Semi-supervised", "Test set": "future", "pr": 0.8994708994708994, "AUPRC": 0.7370552971287645, "p.50": 0.94, "p.100": 0.88, "Bias effect": 1.3504667528415657}