{"Seed": 18, "Prop. class 1": 0.5, "Sel. bias": 0.95, "Method": "Label_Propagation", "Test set": "future", "pr": 0.4999, "AUPRC": 0.7644558872280012, "p.50": 0.94, "p.100": 0.97, "Bias effect": 2.2999256118229443}