{"Seed": 25, "Prop. class 1": 0.05, "Sel. bias": 0.5, "Method": "Semi-supervised", "Test set": "future", "pr": 0.2256857855361596, "AUPRC": 0.19669231494116043, "p.50": 0.32, "p.100": 0.29, "Bias effect": 1.1833455779534434}