{"Seed": 34, "Prop. class 1": 0.05, "Sel. bias": 0, "Method": "Semi-supervised", "Test set": "future", "pr": 0.40425531914893614, "AUPRC": 0.22737368876284342, "p.50": 0.38, "p.100": 0.4, "Bias effect": 1.6421862619002512}