{"Seed": 7, "Prop. class 1": 0.05, "Sel. bias": 0, "Method": "Label_Propagation", "Test set": "future", "pr": 0.0, "AUPRC": 0.3107892202164466, "p.50": 0.62, "p.100": 0.61, "Bias effect": 1.5490275652275938}