{"Seed": 13, "Prop. class 1": 0.05, "Sel. bias": 0.95, "Method": "traditional", "Test set": "future", "pr": 0.07932103802839889, "AUPRC": 0.28785117804389015, "p.50": 0.6, "p.100": 0.54, "Bias effect": 1.068741458103862}