{"Seed": 21, "Prop. class 1": 0.5, "Sel. bias": 0, "Method": "Semi-supervised", "Test set": "future", "pr": 0.8653846153846154, "AUPRC": 0.7234499795710624, "p.50": 0.86, "p.100": 0.88, "Bias effect": 1.269172299887974}