{"Seed": 32, "Prop. class 1": 0.5, "Sel. bias": 0.5, "Method": "traditional", "Test set": "future", "pr": 0.8766999093381687, "AUPRC": 0.7602334805574751, "p.50": 1.0, "p.100": 0.98, "Bias effect": 2.0641138010694706}