{"Seed": 2, "Prop. class 1": 0.5, "Sel. bias": 0.95, "Method": "Semi-supervised", "Test set": "future", "pr": 0.7843406593406593, "AUPRC": 0.6445934516818387, "p.50": 0.86, "p.100": 0.83, "Bias effect": 1.9759200458647745}