{"Seed": 12, "Prop. class 1": 0.5, "Sel. bias": 0.95, "Method": "Semi-supervised", "Test set": "future", "pr": 0.825511432009627, "AUPRC": 0.6355549281151478, "p.50": 0.8, "p.100": 0.85, "Bias effect": 1.9841782735728715}