{"Seed": 15, "Prop. class 1": 0.05, "Sel. bias": 0.95, "Method": "Label_Propagation", "Test set": "future", "pr": 0.05, "AUPRC": 0.418957779815724, "p.50": 0.72, "p.100": 0.67, "Bias effect": 1.348879399690968}