{"Seed": 5, "Prop. class 1": 0.5, "Sel. bias": 0, "Method": "Label_spreading", "Test set": "future", "pr": 0.6156368883641611, "AUPRC": 0.8145342443236713, "p.50": 1.0, "p.100": 1.0, "Bias effect": 2.1047904179843866}