{"Seed": 19, "Prop. class 1": 0.5, "Sel. bias": 0.95, "Method": "Semi-supervised", "Test set": "future", "pr": 0.8034825870646766, "AUPRC": 0.673847925132619, "p.50": 0.86, "p.100": 0.85, "Bias effect": 1.9953430814202473}