{"Seed": 19, "Prop. class 1": 0.05, "Sel. bias": 0, "Method": "Self_Learning", "Test set": "future", "pr": 0.17664023071377072, "AUPRC": 0.17311451917588316, "p.50": 0.26, "p.100": 0.31, "Bias effect": 1.4107631497844946}