{"Seed": 18, "Prop. class 1": 0.5, "Sel. bias": 0.95, "Method": "Veenman", "Test set": "future", "pr": 0.8466666666666667, "AUPRC": 0.6957809371434199, "p.50": 0.96, "p.100": 0.95, "Bias effect": 1.9132366541015595}