{"Seed": 38, "Prop. class 1": 0.5, "Sel. bias": 0.95, "Method": "Label_spreading", "Test set": "future", "pr": 0.5001, "AUPRC": 0.7916155054343493, "p.50": 1.0, "p.100": 1.0, "Bias effect": 2.260799793706041}