{"Seed": 15, "Prop. class 1": 0.5, "Sel. bias": 0.95, "Method": "traditional", "Test set": "future", "pr": 0.644927536231884, "AUPRC": 0.6879110339322536, "p.50": 0.84, "p.100": 0.86, "Bias effect": 1.6563225128113934}