{"Seed": 25, "Prop. class 1": 0.5, "Sel. bias": 0.5, "Method": "Veenman", "Test set": "future", "pr": 0.8769230769230769, "AUPRC": 0.6577794116768295, "p.50": 0.94, "p.100": 0.9, "Bias effect": 2.144563731560639}