{"Seed": 27, "Prop. class 1": 0.05, "Sel. bias": 0.95, "Method": "Self_Learning", "Test set": "future", "pr": 0.0718694885361552, "AUPRC": 0.33858822809768, "p.50": 0.68, "p.100": 0.63, "Bias effect": 0.9746046141424759}