{"Seed": 9, "Prop. class 1": 0.5, "Sel. bias": 0.95, "Method": "Semi-supervised", "Test set": "future", "pr": 0.7858719646799117, "AUPRC": 0.6723273165951732, "p.50": 0.92, "p.100": 0.89, "Bias effect": 2.072846997776473}