{"Seed": 20, "Prop. class 1": 0.05, "Sel. bias": 0.95, "Method": "Veenman", "Test set": "future", "pr": 0.539568345323741, "AUPRC": 0.3679456781223506, "p.50": 0.62, "p.100": 0.56, "Bias effect": 0.8208140947693207}