{"Seed": 39, "Prop. class 1": 0.05, "Sel. bias": 0.95, "Method": "Veenman", "Test set": "future", "pr": 0.7424242424242424, "AUPRC": 0.40235178481016365, "p.50": 0.82, "p.100": 0.65, "Bias effect": 0.9951985203784116}