{"Seed": 26, "Prop. class 1": 0.05, "Sel. bias": 0, "Method": "Semi-supervised", "Test set": "future", "pr": 0.2903225806451613, "AUPRC": 0.17986084513764183, "p.50": 0.3, "p.100": 0.29, "Bias effect": 1.5477015754705588}