{"Seed": 29, "Prop. class 1": 0.05, "Sel. bias": 0.5, "Method": "Self_Learning", "Test set": "future", "pr": 0.31, "AUPRC": 0.25735226274304407, "p.50": 0.44, "p.100": 0.39, "Bias effect": 0.9087062216324876}