{"Seed": 17, "Prop. class 1": 0.5, "Sel. bias": 0, "Method": "Veenman", "Test set": "future", "pr": 0.0, "AUPRC": 0.7345972733782221, "p.50": 0.9, "p.100": 0.91, "Bias effect": 0.9929745146893393}