{"Seed": 30, "Prop. class 1": 0.05, "Sel. bias": 0, "Method": "Veenman", "Test set": "future", "pr": 0.5, "AUPRC": 0.13696271901009702, "p.50": 0.3, "p.100": 0.25, "Bias effect": 1.220988686172959}