{"Seed": 43, "Prop. class 1": 0.5, "Sel. bias": 0.5, "Method": "Semi-supervised", "Test set": "future", "pr": 0.8092105263157895, "AUPRC": 0.6142124658779099, "p.50": 0.94, "p.100": 0.9, "Bias effect": 2.0542721680844944}