{"Seed": 43, "Prop. class 1": 0.05, "Sel. bias": 0, "Method": "Self_Learning", "Test set": "future", "pr": 0.4666666666666667, "AUPRC": 0.2239049302378016, "p.50": 0.48, "p.100": 0.38, "Bias effect": 1.1187824657598595}