{"Seed": 4, "Prop. class 1": 0.05, "Sel. bias": 0.95, "Method": "Label_spreading", "Test set": "future", "pr": 0.0499, "AUPRC": 0.35798087322625877, "p.50": 0.68, "p.100": 0.6, "Bias effect": 1.4099045139806323}