{"Seed": 15, "Prop. class 1": 0.5, "Sel. bias": 0.95, "Method": "Self_Learning", "Test set": "future", "pr": 0.6889332003988036, "AUPRC": 0.6904499659032561, "p.50": 0.98, "p.100": 0.95, "Bias effect": 1.889090729466746}