{"Seed": 33, "Prop. class 1": 0.5, "Sel. bias": 0.5, "Method": "traditional", "Test set": "future", "pr": 0.8103837471783296, "AUPRC": 0.7782064415846648, "p.50": 0.98, "p.100": 0.97, "Bias effect": 1.8611284368077374}