{"Seed": 35, "Prop. class 1": 0.5, "Sel. bias": 0, "Method": "Veenman", "Test set": "future", "pr": 0.7142857142857143, "AUPRC": 0.6259986362745573, "p.50": 0.8, "p.100": 0.85, "Bias effect": 0.716448560770849}