{"Seed": 8, "Prop. class 1": 0.05, "Sel. bias": 0, "Method": "Label_Propagation", "Test set": "future", "pr": 0.0, "AUPRC": 0.17914231565801036, "p.50": 0.32, "p.100": 0.29, "Bias effect": 1.0586908486283795}