{"Seed": 16, "Prop. class 1": 0.05, "Sel. bias": 0.95, "Method": "traditional", "Test set": "future", "pr": 0.07138744962579159, "AUPRC": 0.28606556621609314, "p.50": 0.64, "p.100": 0.51, "Bias effect": 1.0181641101969958}