{"Seed": 35, "Prop. class 1": 0.05, "Sel. bias": 0, "Method": "Veenman", "Test set": "future", "pr": 0.0, "AUPRC": 0.13192815711891975, "p.50": 0.28, "p.100": 0.22, "Bias effect": 0.7792056108964229}