{"Seed": 31, "Prop. class 1": 0.05, "Sel. bias": 0.95, "Method": "Self_Learning", "Test set": "future", "pr": 0.07330771504581732, "AUPRC": 0.29961109104643585, "p.50": 0.58, "p.100": 0.55, "Bias effect": 0.8300592011515682}