{"Seed": 36, "Prop. class 1": 0.05, "Sel. bias": 0.5, "Method": "Veenman", "Test set": "future", "pr": 0.75, "AUPRC": 0.326496864403419, "p.50": 0.6, "p.100": 0.59, "Bias effect": 0.9878207407589823}