{"Seed": 30, "Prop. class 1": 0.5, "Sel. bias": 0, "Method": "Semi-supervised", "Test set": "future", "pr": 0.7004815409309791, "AUPRC": 0.6974589557404312, "p.50": 0.94, "p.100": 0.95, "Bias effect": 1.7359678339341948}