{"Seed": 44, "Prop. class 1": 0.05, "Sel. bias": 0.95, "Method": "Label_Propagation", "Test set": "future", "pr": 0.0497, "AUPRC": 0.3718128294692174, "p.50": 0.7, "p.100": 0.66, "Bias effect": 1.182054670197701}