{"Seed": 9, "Prop. class 1": 0.5, "Sel. bias": 0.5, "Method": "Semi-supervised", "Test set": "future", "pr": 0.814385150812065, "AUPRC": 0.663066315223571, "p.50": 0.9, "p.100": 0.86, "Bias effect": 2.176532015572138}