{"Seed": 42, "Prop. class 1": 0.5, "Sel. bias": 0, "Method": "traditional", "Test set": "future", "pr": 0.6944894651539708, "AUPRC": 0.7625151662399575, "p.50": 1.0, "p.100": 0.98, "Bias effect": 1.728667682736457}