{"Seed": 19, "Prop. class 1": 0.5, "Sel. bias": 0, "Method": "Label_spreading", "Test set": "future", "pr": 0.7606278613472858, "AUPRC": 0.8060823546458926, "p.50": 0.96, "p.100": 0.95, "Bias effect": 1.5267451690839107}