{"Seed": 44, "Prop. class 1": 0.05, "Sel. bias": 0.5, "Method": "Semi-supervised", "Test set": "future", "pr": 0.5272727272727272, "AUPRC": 0.31438004583538937, "p.50": 0.62, "p.100": 0.54, "Bias effect": 0.905142434261339}