{"Seed": 12, "Prop. class 1": 0.05, "Sel. bias": 0.95, "Method": "Self_Learning", "Test set": "future", "pr": 0.07813982916798481, "AUPRC": 0.29916130624001014, "p.50": 0.52, "p.100": 0.54, "Bias effect": 0.8485544028687089}