{"Seed": 22, "Prop. class 1": 0.05, "Sel. bias": 0.95, "Method": "Veenman", "Test set": "future", "pr": 0.680672268907563, "AUPRC": 0.4049390092991, "p.50": 0.78, "p.100": 0.7, "Bias effect": 0.9637494853714293}