{"Seed": 20, "Prop. class 1": 0.5, "Sel. bias": 0.5, "Method": "traditional", "Test set": "future", "pr": 0.7715598810489321, "AUPRC": 0.7866987719499312, "p.50": 1.0, "p.100": 0.99, "Bias effect": 1.6545036693239552}