{"Seed": 13, "Prop. class 1": 0.05, "Sel. bias": 0.95, "Method": "Semi-supervised", "Test set": "future", "pr": 0.75, "AUPRC": 0.3435385127419036, "p.50": 0.7, "p.100": 0.59, "Bias effect": 0.9922343743894338}