{"Seed": 2, "Prop. class 1": 0.05, "Sel. bias": 0, "Method": "Semi-supervised", "Test set": "future", "pr": 0.3034825870646766, "AUPRC": 0.20164430745365114, "p.50": 0.4, "p.100": 0.39, "Bias effect": 0.8868574672705101}