{"Seed": 27, "Prop. class 1": 0.05, "Sel. bias": 0, "Method": "Semi-supervised", "Test set": "future", "pr": 0.6666666666666666, "AUPRC": 0.13666852468016744, "p.50": 0.22, "p.100": 0.24, "Bias effect": 1.1544496739897787}