{"Seed": 1, "Prop. class 1": 0.5, "Sel. bias": 0.95, "Method": "Semi-supervised", "Test set": "future", "pr": 0.7987179487179488, "AUPRC": 0.6360357738911306, "p.50": 0.8, "p.100": 0.78, "Bias effect": 2.0461810832191167}