{"Seed": 35, "Prop. class 1": 0.5, "Sel. bias": 0, "Method": "Label_Propagation", "Test set": "future", "pr": 0.6927788523533205, "AUPRC": 0.8403628645340886, "p.50": 1.0, "p.100": 1.0, "Bias effect": 2.081759472878498}