{"Seed": 27, "Prop. class 1": 0.5, "Sel. bias": 0.95, "Method": "Semi-supervised", "Test set": "future", "pr": 0.8, "AUPRC": 0.6641180832899376, "p.50": 0.96, "p.100": 0.92, "Bias effect": 1.9368910145304734}