{"Seed": 10, "Prop. class 1": 0.5, "Sel. bias": 0.95, "Method": "traditional", "Test set": "future", "pr": 0.6445752733389403, "AUPRC": 0.7276946223056431, "p.50": 0.9, "p.100": 0.92, "Bias effect": 1.944081676837029}