{"Seed": 32, "Prop. class 1": 0.5, "Sel. bias": 0.95, "Method": "Label_spreading", "Test set": "future", "pr": 0.5, "AUPRC": 0.7759079320441945, "p.50": 0.98, "p.100": 0.98, "Bias effect": 2.2653352288513373}