{"Seed": 25, "Prop. class 1": 0.5, "Sel. bias": 0.95, "Method": "Veenman", "Test set": "future", "pr": 0.803088803088803, "AUPRC": 0.6395797798964062, "p.50": 0.98, "p.100": 0.94, "Bias effect": 1.9172271206053446}