{"Seed": 10, "Prop. class 1": 0.5, "Sel. bias": 0.95, "Method": "Label_spreading", "Test set": "future", "pr": 0.4999, "AUPRC": 0.76257272421961, "p.50": 0.9, "p.100": 0.94, "Bias effect": 2.3759122444295038}