{"Seed": 36, "Prop. class 1": 0.5, "Sel. bias": 0.5, "Method": "Semi-supervised", "Test set": "future", "pr": 0.7833333333333333, "AUPRC": 0.6056798429416788, "p.50": 0.78, "p.100": 0.81, "Bias effect": 2.252454515063576}