{"Seed": 2, "Prop. class 1": 0.5, "Sel. bias": 0.5, "Method": "Semi-supervised", "Test set": "future", "pr": 0.8089887640449438, "AUPRC": 0.6370910646438023, "p.50": 0.8, "p.100": 0.85, "Bias effect": 2.105238130162}