{"Seed": 19, "Prop. class 1": 0.5, "Sel. bias": 0.5, "Method": "Self_Learning", "Test set": "future", "pr": 0.7672796448953709, "AUPRC": 0.762786303125231, "p.50": 1.0, "p.100": 0.96, "Bias effect": 1.7460989915784189}