{"Seed": 32, "Prop. class 1": 0.05, "Sel. bias": 0.5, "Method": "Self_Learning", "Test set": "future", "pr": 0.1165374677002584, "AUPRC": 0.2952705890306132, "p.50": 0.6, "p.100": 0.53, "Bias effect": 0.7447045471511892}