{"Seed": 40, "Prop. class 1": 0.5, "Sel. bias": 0.95, "Method": "Label_spreading", "Test set": "future", "pr": 0.4999, "AUPRC": 0.7457976685510452, "p.50": 0.98, "p.100": 0.93, "Bias effect": 2.3035397041588626}