{"Seed": 27, "Prop. class 1": 0.5, "Sel. bias": 0.95, "Method": "traditional", "Test set": "future", "pr": 0.6467411545623836, "AUPRC": 0.7147893430830301, "p.50": 0.92, "p.100": 0.92, "Bias effect": 1.7043063540431749}