{"Seed": 23, "Prop. class 1": 0.5, "Sel. bias": 0, "Method": "Semi-supervised", "Test set": "future", "pr": 0.825497287522604, "AUPRC": 0.771704608573468, "p.50": 0.98, "p.100": 0.97, "Bias effect": 1.6015158188912795}