{"Seed": 32, "Prop. class 1": 0.5, "Sel. bias": 0.95, "Method": "Label_Propagation", "Test set": "future", "pr": 0.5, "AUPRC": 0.7700364863331213, "p.50": 0.98, "p.100": 0.97, "Bias effect": 2.25969472795107}