{"Seed": 25, "Prop. class 1": 0.05, "Sel. bias": 0.95, "Method": "Label_Propagation", "Test set": "future", "pr": 0.05, "AUPRC": 0.30701271083077464, "p.50": 0.64, "p.100": 0.53, "Bias effect": 1.593378846503709}