{"Seed": 31, "Prop. class 1": 0.5, "Sel. bias": 0.95, "Method": "Veenman", "Test set": "future", "pr": 0.8181818181818182, "AUPRC": 0.6423378261369033, "p.50": 0.96, "p.100": 0.95, "Bias effect": 1.8921242458025502}