{"Seed": 43, "Prop. class 1": 0.5, "Sel. bias": 0.95, "Method": "Veenman", "Test set": "future", "pr": 0.8206997084548106, "AUPRC": 0.649527372736111, "p.50": 1.0, "p.100": 0.98, "Bias effect": 1.8810478354113855}