{"Seed": 22, "Prop. class 1": 0.5, "Sel. bias": 0.95, "Method": "Self_Learning", "Test set": "future", "pr": 0.6596170970614426, "AUPRC": 0.6943779207890077, "p.50": 0.88, "p.100": 0.86, "Bias effect": 1.632420153893799}