{"Seed": 4, "Prop. class 1": 0.05, "Sel. bias": 0, "Method": "Veenman", "Test set": "future", "pr": 0.23222748815165878, "AUPRC": 0.18152656882585186, "p.50": 0.46, "p.100": 0.36, "Bias effect": 1.509394238077044}