{"Seed": 34, "Prop. class 1": 0.5, "Sel. bias": 0.95, "Method": "Label_spreading", "Test set": "future", "pr": 0.5001, "AUPRC": 0.7641380418018062, "p.50": 0.94, "p.100": 0.95, "Bias effect": 2.275548591020465}