{"Seed": 22, "Prop. class 1": 0.5, "Sel. bias": 0.95, "Method": "Label_spreading", "Test set": "future", "pr": 0.5003, "AUPRC": 0.7634917735660014, "p.50": 0.94, "p.100": 0.94, "Bias effect": 2.181857155273977}