{"Seed": 23, "Prop. class 1": 0.05, "Sel. bias": 0.5, "Method": "Semi-supervised", "Test set": "future", "pr": 0.5161290322580645, "AUPRC": 0.3321319483719837, "p.50": 0.5, "p.100": 0.51, "Bias effect": 0.9206284533762176}