{"Seed": 27, "Prop. class 1": 0.5, "Sel. bias": 0.95, "Method": "Self_Learning", "Test set": "future", "pr": 0.646309963099631, "AUPRC": 0.715815310875777, "p.50": 0.98, "p.100": 0.94, "Bias effect": 1.7646188182049738}