{"Seed": 29, "Prop. class 1": 0.05, "Sel. bias": 0.5, "Method": "Veenman", "Test set": "future", "pr": 0.5833333333333334, "AUPRC": 0.3092852004342513, "p.50": 0.56, "p.100": 0.6, "Bias effect": 0.8401507192500592}