{"Seed": 25, "Prop. class 1": 0.5, "Sel. bias": 0.5, "Method": "Semi-supervised", "Test set": "future", "pr": 0.8237476808905381, "AUPRC": 0.6225821513323272, "p.50": 0.88, "p.100": 0.88, "Bias effect": 2.051063805669256}