{"Seed": 38, "Prop. class 1": 0.05, "Sel. bias": 0.5, "Method": "Label_Propagation", "Test set": "future", "pr": 0.7142857142857143, "AUPRC": 0.42079831455067307, "p.50": 0.82, "p.100": 0.72, "Bias effect": 1.0763541588463001}