{"Seed": 31, "Prop. class 1": 0.5, "Sel. bias": 0.95, "Method": "Self_Learning", "Test set": "future", "pr": 0.6868501529051988, "AUPRC": 0.6829141008381397, "p.50": 0.92, "p.100": 0.93, "Bias effect": 1.775337154332064}