{"Seed": 42, "Prop. class 1": 0.05, "Sel. bias": 0.95, "Method": "Label_spreading", "Test set": "future", "pr": 0.05, "AUPRC": 0.37312496410271345, "p.50": 0.72, "p.100": 0.63, "Bias effect": 1.382359653368819}