{"Seed": 23, "Prop. class 1": 0.5, "Sel. bias": 0.95, "Method": "Self_Learning", "Test set": "future", "pr": 0.6446037874609303, "AUPRC": 0.7150572324928512, "p.50": 0.9, "p.100": 0.89, "Bias effect": 1.6770309474037293}