{"Seed": 6, "Prop. class 1": 0.05, "Sel. bias": 0.5, "Method": "Semi-supervised", "Test set": "future", "pr": 0.5294117647058824, "AUPRC": 0.264245549508177, "p.50": 0.5, "p.100": 0.45, "Bias effect": 1.1314371211652814}