{"Seed": 35, "Prop. class 1": 0.05, "Sel. bias": 0.95, "Method": "Veenman", "Test set": "future", "pr": 0.5256410256410257, "AUPRC": 0.3378625517789641, "p.50": 0.56, "p.100": 0.52, "Bias effect": 0.9127649435042346}