{"Seed": 6, "Prop. class 1": 0.05, "Sel. bias": 0.95, "Method": "Veenman", "Test set": "future", "pr": 0.589041095890411, "AUPRC": 0.3173240666510031, "p.50": 0.66, "p.100": 0.5, "Bias effect": 1.0361349021438644}