{"Seed": 6, "Prop. class 1": 0.5, "Sel. bias": 0, "Method": "Label_spreading", "Test set": "future", "pr": 0.8589466089466089, "AUPRC": 0.8241125074798739, "p.50": 0.98, "p.100": 0.99, "Bias effect": 2.1134859586369883}