{"Seed": 1, "Prop. class 1": 0.05, "Sel. bias": 0.95, "Method": "Veenman", "Test set": "future", "pr": 0.7101449275362319, "AUPRC": 0.4072028953196699, "p.50": 0.76, "p.100": 0.64, "Bias effect": 0.8282720334726192}