{"Seed": 9, "Prop. class 1": 0.05, "Sel. bias": 0.5, "Method": "Label_spreading", "Test set": "future", "pr": 0.08069828722002635, "AUPRC": 0.3418732172860569, "p.50": 0.68, "p.100": 0.58, "Bias effect": 1.449140577356194}