{"Seed": 10, "Prop. class 1": 0.5, "Sel. bias": 0.95, "Method": "Self_Learning", "Test set": "future", "pr": 0.6802516411378556, "AUPRC": 0.700375171800271, "p.50": 0.92, "p.100": 0.91, "Bias effect": 1.9154092390089548}