{"Seed": 7, "Prop. class 1": 0.05, "Sel. bias": 0, "Method": "Veenman", "Test set": "future", "pr": 0.5909090909090909, "AUPRC": 0.15499263310855976, "p.50": 0.5, "p.100": 0.38, "Bias effect": 1.2674342630940711}