{"Seed": 34, "Prop. class 1": 0.05, "Sel. bias": 0, "Method": "Veenman", "Test set": "future", "pr": 1.0, "AUPRC": 0.16054590870861002, "p.50": 0.32, "p.100": 0.3, "Bias effect": 1.2268008766745353}