{"Seed": 13, "Prop. class 1": 0.5, "Sel. bias": 0.5, "Method": "Label_Propagation", "Test set": "future", "pr": 0.9629629629629629, "AUPRC": 0.8094478731046582, "p.50": 0.96, "p.100": 0.96, "Bias effect": 2.2438700935784164}