{"Seed": 7, "Prop. class 1": 0.5, "Sel. bias": 0.95, "Method": "Semi-supervised", "Test set": "future", "pr": 0.7714285714285715, "AUPRC": 0.6430506912963438, "p.50": 0.88, "p.100": 0.88, "Bias effect": 1.8957179796345607}