{"Seed": 18, "Prop. class 1": 0.5, "Sel. bias": 0.95, "Method": "Semi-supervised", "Test set": "future", "pr": 0.8120204603580563, "AUPRC": 0.674524964745579, "p.50": 0.88, "p.100": 0.87, "Bias effect": 1.9394483822448816}