{"Seed": 4, "Prop. class 1": 0.5, "Sel. bias": 0, "Method": "Label_spreading", "Test set": "future", "pr": 0.8746666666666667, "AUPRC": 0.8377779733456516, "p.50": 1.0, "p.100": 0.99, "Bias effect": 2.1674139831179304}