{"Seed": 18, "Prop. class 1": 0.05, "Sel. bias": 0, "Method": "Veenman", "Test set": "future", "pr": 0.21836228287841192, "AUPRC": 0.22608525295840873, "p.50": 0.52, "p.100": 0.44, "Bias effect": 1.3518354503719952}