{"Seed": 32, "Prop. class 1": 0.05, "Sel. bias": 0.95, "Method": "Semi-supervised", "Test set": "future", "pr": 0.75, "AUPRC": 0.4007820154180226, "p.50": 0.74, "p.100": 0.61, "Bias effect": 0.8741782704198949}