{"Seed": 34, "Prop. class 1": 0.05, "Sel. bias": 0, "Method": "Self_Learning", "Test set": "future", "pr": 0.45, "AUPRC": 0.2258389119941733, "p.50": 0.42, "p.100": 0.41, "Bias effect": 1.5914587468782961}