{"Seed": 12, "Prop. class 1": 0.05, "Sel. bias": 0.5, "Method": "Veenman", "Test set": "future", "pr": 0.5, "AUPRC": 0.33690875362073713, "p.50": 0.66, "p.100": 0.51, "Bias effect": 1.1036709554856496}