{"Seed": 38, "Prop. class 1": 0.05, "Sel. bias": 0, "Method": "Veenman", "Test set": "future", "pr": 0.0, "AUPRC": 0.23538324077757872, "p.50": 0.46, "p.100": 0.45, "Bias effect": 0.7864886075205988}