{"Seed": 9, "Prop. class 1": 0.05, "Sel. bias": 0, "Method": "Semi-supervised", "Test set": "future", "pr": 0.42857142857142855, "AUPRC": 0.1885520393845086, "p.50": 0.38, "p.100": 0.36, "Bias effect": 1.1734274321089757}