{"Seed": 0, "Prop. class 1": 0.05, "Sel. bias": 0.5, "Method": "Semi-supervised", "Test set": "future", "pr": 0.19735819735819735, "AUPRC": 0.2246194027252144, "p.50": 0.46, "p.100": 0.39, "Bias effect": 0.9559486216935729}