{"Seed": 44, "Prop. class 1": 0.05, "Sel. bias": 0.5, "Method": "Veenman", "Test set": "future", "pr": 0.5555555555555556, "AUPRC": 0.33970380620146334, "p.50": 0.6, "p.100": 0.57, "Bias effect": 1.0271018739316895}