{"Seed": 8, "Prop. class 1": 0.05, "Sel. bias": 0.5, "Method": "Semi-supervised", "Test set": "future", "pr": 0.4864864864864865, "AUPRC": 0.26823230738844417, "p.50": 0.5, "p.100": 0.5, "Bias effect": 0.9188265942240931}