{"Seed": 2, "Prop. class 1": 0.5, "Sel. bias": 0.95, "Method": "Label_spreading", "Test set": "future", "pr": 0.5, "AUPRC": 0.7939219625784946, "p.50": 1.0, "p.100": 1.0, "Bias effect": 2.2724168752897334}