{"Seed": 25, "Prop. class 1": 0.05, "Sel. bias": 0.5, "Method": "Veenman", "Test set": "future", "pr": 0.42696629213483145, "AUPRC": 0.2400541324143099, "p.50": 0.44, "p.100": 0.4, "Bias effect": 1.1935029018731103}