{"Seed": 19, "Prop. class 1": 0.5, "Sel. bias": 0, "Method": "traditional", "Test set": "future", "pr": 0.7113250994347917, "AUPRC": 0.7661596271408833, "p.50": 0.98, "p.100": 0.96, "Bias effect": 1.7758159893603291}