{"Seed": 34, "Prop. class 1": 0.05, "Sel. bias": 0.5, "Method": "Veenman", "Test set": "future", "pr": 0.6190476190476191, "AUPRC": 0.3384744491858605, "p.50": 0.64, "p.100": 0.59, "Bias effect": 0.8243817042385243}