{"Seed": 27, "Prop. class 1": 0.05, "Sel. bias": 0, "Method": "Label_Propagation", "Test set": "future", "pr": 0.0, "AUPRC": 0.2644121826826208, "p.50": 0.46, "p.100": 0.47, "Bias effect": 1.633580834022662}