{"Seed": 15, "Prop. class 1": 0.05, "Sel. bias": 0.5, "Method": "traditional", "Test set": "future", "pr": 0.11810551558752998, "AUPRC": 0.2194944461623682, "p.50": 0.48, "p.100": 0.42, "Bias effect": 1.2271875712742109}