{"Seed": 30, "Prop. class 1": 0.5, "Sel. bias": 0.95, "Method": "Semi-supervised", "Test set": "future", "pr": 0.7746113989637305, "AUPRC": 0.6481401481061029, "p.50": 0.9, "p.100": 0.93, "Bias effect": 2.07934607233044}