{"Seed": 7, "Prop. class 1": 0.5, "Sel. bias": 0.5, "Method": "Label_spreading", "Test set": "future", "pr": 0.9372509960159362, "AUPRC": 0.820762309955687, "p.50": 1.0, "p.100": 0.97, "Bias effect": 2.1783526636052652}