{"Seed": 15, "Prop. class 1": 0.5, "Sel. bias": 0.5, "Method": "Veenman", "Test set": "future", "pr": 0.8333333333333334, "AUPRC": 0.6588530952849749, "p.50": 0.88, "p.100": 0.82, "Bias effect": 2.249941356089183}