{"Seed": 13, "Prop. class 1": 0.05, "Sel. bias": 0, "Method": "Label_Propagation", "Test set": "future", "pr": 0.0, "AUPRC": 0.206712926527845, "p.50": 0.36, "p.100": 0.33, "Bias effect": 1.156333456569937}