{"Seed": 9, "Prop. class 1": 0.5, "Sel. bias": 0, "Method": "Self_Learning", "Test set": "future", "pr": 0.7214585719740358, "AUPRC": 0.819766215874975, "p.50": 0.98, "p.100": 0.99, "Bias effect": 1.5574293137361128}