{"Seed": 23, "Prop. class 1": 0.05, "Sel. bias": 0.95, "Method": "Label_spreading", "Test set": "future", "pr": 0.0499, "AUPRC": 0.37411396014633064, "p.50": 0.74, "p.100": 0.6, "Bias effect": 1.4907710144387747}