{"Seed": 43, "Prop. class 1": 0.5, "Sel. bias": 0, "Method": "Label_spreading", "Test set": "future", "pr": 0.7478574650428507, "AUPRC": 0.7960160519172405, "p.50": 0.98, "p.100": 0.97, "Bias effect": 1.7060285266735145}