{"Seed": 38, "Prop. class 1": 0.05, "Sel. bias": 0.95, "Method": "Self_Learning", "Test set": "future", "pr": 0.0726159230096238, "AUPRC": 0.3661469149930827, "p.50": 0.62, "p.100": 0.64, "Bias effect": 1.0417197996196415}