{"Seed": 1, "Prop. class 1": 0.5, "Sel. bias": 0.5, "Method": "traditional", "Test set": "future", "pr": 0.8402061855670103, "AUPRC": 0.7831656041599, "p.50": 0.96, "p.100": 0.97, "Bias effect": 1.9473307480479187}