{"Seed": 34, "Prop. class 1": 0.5, "Sel. bias": 0.95, "Method": "Semi-supervised", "Test set": "future", "pr": 0.819327731092437, "AUPRC": 0.6506954238348805, "p.50": 0.9, "p.100": 0.88, "Bias effect": 1.9508632723287056}