{"Seed": 26, "Prop. class 1": 0.05, "Sel. bias": 0.95, "Method": "Self_Learning", "Test set": "future", "pr": 0.08233532934131736, "AUPRC": 0.34208153795631413, "p.50": 0.6, "p.100": 0.52, "Bias effect": 0.882200812129005}