{"Seed": 10, "Prop. class 1": 0.5, "Sel. bias": 0.5, "Method": "traditional", "Test set": "future", "pr": 0.8131539611360239, "AUPRC": 0.7831852811361878, "p.50": 0.96, "p.100": 0.97, "Bias effect": 1.8006490628768312}