{"Seed": 25, "Prop. class 1": 0.05, "Sel. bias": 0.95, "Method": "Self_Learning", "Test set": "future", "pr": 0.07040624548214544, "AUPRC": 0.23493028794887905, "p.50": 0.48, "p.100": 0.44, "Bias effect": 1.2897149261451868}