{"Seed": 44, "Prop. class 1": 0.05, "Sel. bias": 0.5, "Method": "Self_Learning", "Test set": "future", "pr": 0.10756676557863501, "AUPRC": 0.2568547936252328, "p.50": 0.5, "p.100": 0.47, "Bias effect": 1.1552221710081214}