{"Seed": 21, "Prop. class 1": 0.05, "Sel. bias": 0, "Method": "traditional", "Test set": "future", "pr": 1.0, "AUPRC": 0.2678423868455909, "p.50": 0.58, "p.100": 0.43, "Bias effect": 1.2772653772046332}