{"Seed": 21, "Prop. class 1": 0.5, "Sel. bias": 0.95, "Method": "traditional", "Test set": "future", "pr": 0.5624696749150898, "AUPRC": 0.7199054896005384, "p.50": 0.92, "p.100": 0.93, "Bias effect": 1.7076513557837683}