{"Seed": 1, "Prop. class 1": 0.05, "Sel. bias": 0.5, "Method": "Self_Learning", "Test set": "future", "pr": 0.49222797927461137, "AUPRC": 0.3669196099435477, "p.50": 0.82, "p.100": 0.61, "Bias effect": 0.8781756900121099}