{"Seed": 30, "Prop. class 1": 0.05, "Sel. bias": 0, "Method": "Label_Propagation", "Test set": "future", "pr": 0.0, "AUPRC": 0.4070841196384611, "p.50": 0.62, "p.100": 0.65, "Bias effect": 1.2033253169400286}