{"Seed": 1, "Prop. class 1": 0.5, "Sel. bias": 0, "Method": "Label_Propagation", "Test set": "future", "pr": 0.5680924855491329, "AUPRC": 0.8375585269260023, "p.50": 1.0, "p.100": 1.0, "Bias effect": 1.818836399745482}