{"Seed": 8, "Prop. class 1": 0.05, "Sel. bias": 0.5, "Method": "Self_Learning", "Test set": "future", "pr": 0.4270833333333333, "AUPRC": 0.2674700924110311, "p.50": 0.48, "p.100": 0.43, "Bias effect": 0.8554472707976942}