{"Seed": 6, "Prop. class 1": 0.5, "Sel. bias": 0.5, "Method": "Label_Propagation", "Test set": "future", "pr": 1.0, "AUPRC": 0.8030647566683295, "p.50": 0.98, "p.100": 0.94, "Bias effect": 2.1660231592350354}