{"Seed": 0, "Prop. class 1": 0.05, "Sel. bias": 0.95, "Method": "Self_Learning", "Test set": "future", "pr": 0.06639839034205232, "AUPRC": 0.17649266365357033, "p.50": 0.36, "p.100": 0.34, "Bias effect": 1.1090544625578294}