{"Seed": 30, "Prop. class 1": 0.5, "Sel. bias": 0.95, "Method": "Veenman", "Test set": "future", "pr": 0.8086124401913876, "AUPRC": 0.6404905292988567, "p.50": 0.92, "p.100": 0.92, "Bias effect": 1.93057229025977}