{"Seed": 2, "Prop. class 1": 0.05, "Sel. bias": 0.95, "Method": "traditional", "Test set": "future", "pr": 0.08647489726639271, "AUPRC": 0.3207000992119546, "p.50": 0.6, "p.100": 0.56, "Bias effect": 1.0019539408689837}