{"Seed": 12, "Prop. class 1": 0.5, "Sel. bias": 0, "Method": "Veenman", "Test set": "future", "pr": 1.0, "AUPRC": 0.7331688314202467, "p.50": 0.9, "p.100": 0.89, "Bias effect": 0.9333617321776538}