{"Seed": 34, "Prop. class 1": 0.05, "Sel. bias": 0, "Method": "Label_spreading", "Test set": "future", "pr": 0.0, "AUPRC": 0.3566542379939694, "p.50": 0.68, "p.100": 0.63, "Bias effect": 1.4537960002569081}