{"Seed": 41, "Prop. class 1": 0.05, "Sel. bias": 0.95, "Method": "Self_Learning", "Test set": "future", "pr": 0.0652400835073069, "AUPRC": 0.33369773567297584, "p.50": 0.52, "p.100": 0.51, "Bias effect": 0.7648635880259864}