{"Seed": 38, "Prop. class 1": 0.5, "Sel. bias": 0.5, "Method": "Semi-supervised", "Test set": "future", "pr": 0.7943722943722944, "AUPRC": 0.6225925418133775, "p.50": 0.88, "p.100": 0.85, "Bias effect": 2.306188145736092}