{"Seed": 31, "Prop. class 1": 0.05, "Sel. bias": 0, "Method": "Label_spreading", "Test set": "future", "pr": 0.0, "AUPRC": 0.2903351088282223, "p.50": 0.6, "p.100": 0.54, "Bias effect": 1.5708179608162132}