{"Seed": 44, "Prop. class 1": 0.05, "Sel. bias": 0, "Method": "Semi-supervised", "Test set": "future", "pr": 0.3203125, "AUPRC": 0.17849533493898836, "p.50": 0.32, "p.100": 0.34, "Bias effect": 1.176594024830761}