{"Seed": 29, "Prop. class 1": 0.05, "Sel. bias": 0.5, "Method": "Label_spreading", "Test set": "future", "pr": 0.12899442978598652, "AUPRC": 0.295414185814161, "p.50": 0.58, "p.100": 0.49, "Bias effect": 0.9730710468116105}