{"Seed": 27, "Prop. class 1": 0.05, "Sel. bias": 0.5, "Method": "Label_Propagation", "Test set": "future", "pr": 0.3787638668779715, "AUPRC": 0.37262711271991433, "p.50": 0.72, "p.100": 0.64, "Bias effect": 1.1673221557355544}