{"Seed": 40, "Prop. class 1": 0.5, "Sel. bias": 0.95, "Method": "traditional", "Test set": "future", "pr": 0.5800967699751537, "AUPRC": 0.7135268204384918, "p.50": 0.9, "p.100": 0.91, "Bias effect": 1.6745176918472757}