{"Seed": 40, "Prop. class 1": 0.05, "Sel. bias": 0.95, "Method": "Veenman", "Test set": "future", "pr": 0.532608695652174, "AUPRC": 0.35840893887802117, "p.50": 0.58, "p.100": 0.51, "Bias effect": 0.9303952692199046}