{"Seed": 5, "Prop. class 1": 0.05, "Sel. bias": 0.95, "Method": "Label_spreading", "Test set": "future", "pr": 0.05, "AUPRC": 0.3135059615536874, "p.50": 0.62, "p.100": 0.54, "Bias effect": 1.3889753008864592}