{"Seed": 17, "Prop. class 1": 0.5, "Sel. bias": 0.5, "Method": "Semi-supervised", "Test set": "future", "pr": 0.8359550561797753, "AUPRC": 0.6193258666334363, "p.50": 0.78, "p.100": 0.84, "Bias effect": 2.172465987205528}