{"Seed": 40, "Prop. class 1": 0.5, "Sel. bias": 0, "Method": "Label_spreading", "Test set": "future", "pr": 0.652378911273039, "AUPRC": 0.8391666304751927, "p.50": 1.0, "p.100": 1.0, "Bias effect": 2.1400316803069526}