{"Seed": 18, "Prop. class 1": 0.05, "Sel. bias": 0.95, "Method": "Self_Learning", "Test set": "future", "pr": 0.07612456747404844, "AUPRC": 0.3184816120725309, "p.50": 0.62, "p.100": 0.56, "Bias effect": 0.915501044208224}