{"Seed": 24, "Prop. class 1": 0.5, "Sel. bias": 0.95, "Method": "Label_spreading", "Test set": "future", "pr": 0.5001, "AUPRC": 0.7600111305633149, "p.50": 0.98, "p.100": 0.94, "Bias effect": 2.2619500988995727}