{"Seed": 22, "Prop. class 1": 0.5, "Sel. bias": 0, "Method": "Semi-supervised", "Test set": "future", "pr": 0.7146648971466489, "AUPRC": 0.7051603755811034, "p.50": 0.9, "p.100": 0.92, "Bias effect": 1.4326292846477262}