{"Seed": 19, "Prop. class 1": 0.5, "Sel. bias": 0.95, "Method": "Self_Learning", "Test set": "future", "pr": 0.6491913986138262, "AUPRC": 0.7132433645831565, "p.50": 0.98, "p.100": 0.96, "Bias effect": 1.7576827951483371}