{"Seed": 35, "Prop. class 1": 0.05, "Sel. bias": 0, "Method": "Self_Learning", "Test set": "future", "pr": 0.34615384615384615, "AUPRC": 0.22955717953869798, "p.50": 0.36, "p.100": 0.31, "Bias effect": 1.029724648881494}