{"Seed": 14, "Prop. class 1": 0.05, "Sel. bias": 0.5, "Method": "Label_spreading", "Test set": "future", "pr": 0.10776583034647551, "AUPRC": 0.3190400153749909, "p.50": 0.62, "p.100": 0.56, "Bias effect": 1.004225594772469}