{"Seed": 30, "Prop. class 1": 0.5, "Sel. bias": 0.5, "Method": "Self_Learning", "Test set": "future", "pr": 0.7610479797979798, "AUPRC": 0.7522414104613859, "p.50": 0.98, "p.100": 0.98, "Bias effect": 1.6462573204120134}