{"Seed": 24, "Prop. class 1": 0.5, "Sel. bias": 0, "Method": "Veenman", "Test set": "future", "pr": 0.7547372184483375, "AUPRC": 0.7410507540085236, "p.50": 0.98, "p.100": 0.98, "Bias effect": 1.7880268601571516}