{"Seed": 6, "Prop. class 1": 0.5, "Sel. bias": 0.95, "Method": "Self_Learning", "Test set": "future", "pr": 0.6610301263362488, "AUPRC": 0.7023751739368463, "p.50": 0.9, "p.100": 0.91, "Bias effect": 1.8431081478855158}