{"Seed": 34, "Prop. class 1": 0.5, "Sel. bias": 0.5, "Method": "Self_Learning", "Test set": "future", "pr": 0.7434312210200927, "AUPRC": 0.7436437563349113, "p.50": 0.98, "p.100": 0.96, "Bias effect": 1.9482140228705411}