{"Seed": 8, "Prop. class 1": 0.5, "Sel. bias": 0, "Method": "traditional", "Test set": "future", "pr": 0.7362978283350569, "AUPRC": 0.7974715772644155, "p.50": 0.98, "p.100": 0.94, "Bias effect": 1.6757494570027767}