{"Seed": 38, "Prop. class 1": 0.5, "Sel. bias": 0.95, "Method": "Veenman", "Test set": "future", "pr": 0.8032544378698225, "AUPRC": 0.643635966077458, "p.50": 0.96, "p.100": 0.96, "Bias effect": 1.9137566012286864}