{"Seed": 3, "Prop. class 1": 0.05, "Sel. bias": 0.5, "Method": "traditional", "Test set": "future", "pr": 0.11946270362960847, "AUPRC": 0.2585013894745442, "p.50": 0.44, "p.100": 0.49, "Bias effect": 0.9929244916902019}