{"Seed": 26, "Prop. class 1": 0.05, "Sel. bias": 0.95, "Method": "Label_spreading", "Test set": "future", "pr": 0.0501, "AUPRC": 0.3899970633326544, "p.50": 0.7, "p.100": 0.63, "Bias effect": 1.272454068062539}