{"Seed": 31, "Prop. class 1": 0.05, "Sel. bias": 0.95, "Method": "Veenman", "Test set": "future", "pr": 0.8125, "AUPRC": 0.35314852293320953, "p.50": 0.66, "p.100": 0.6, "Bias effect": 0.8481873418622414}