{"Seed": 20, "Prop. class 1": 0.05, "Sel. bias": 0.5, "Method": "Self_Learning", "Test set": "future", "pr": 0.1377568204782755, "AUPRC": 0.28560731500611614, "p.50": 0.52, "p.100": 0.51, "Bias effect": 0.9366601237310525}