{"Seed": 8, "Prop. class 1": 0.5, "Sel. bias": 0.95, "Method": "Semi-supervised", "Test set": "future", "pr": 0.7780104712041885, "AUPRC": 0.6444731882859911, "p.50": 0.86, "p.100": 0.9, "Bias effect": 2.0714189338941242}