{"Seed": 14, "Prop. class 1": 0.05, "Sel. bias": 0.5, "Method": "Veenman", "Test set": "future", "pr": 0.8, "AUPRC": 0.32979611326662694, "p.50": 0.6, "p.100": 0.54, "Bias effect": 0.9128065736286087}