{"Seed": 42, "Prop. class 1": 0.5, "Sel. bias": 0.5, "Method": "Self_Learning", "Test set": "future", "pr": 0.7789330922242315, "AUPRC": 0.7239832192160564, "p.50": 0.96, "p.100": 0.97, "Bias effect": 1.9968195687970647}