{"Seed": 18, "Prop. class 1": 0.05, "Sel. bias": 0, "Method": "Label_Propagation", "Test set": "future", "pr": 0.0, "AUPRC": 0.3249509922038368, "p.50": 0.62, "p.100": 0.59, "Bias effect": 1.4775244559908802}