{"Seed": 41, "Prop. class 1": 0.5, "Sel. bias": 0.5, "Method": "Semi-supervised", "Test set": "future", "pr": 0.8317757009345794, "AUPRC": 0.6312709598791678, "p.50": 0.88, "p.100": 0.86, "Bias effect": 2.2123230671370364}