{"Seed": 0, "Prop. class 1": 0.05, "Sel. bias": 0.95, "Method": "Semi-supervised", "Test set": "future", "pr": 0.5, "AUPRC": 0.2621942855320183, "p.50": 0.52, "p.100": 0.44, "Bias effect": 1.0030824550887387}