{"Seed": 18, "Prop. class 1": 0.5, "Sel. bias": 0.5, "Method": "Self_Learning", "Test set": "future", "pr": 0.7281012658227848, "AUPRC": 0.7605229551862988, "p.50": 1.0, "p.100": 0.98, "Bias effect": 1.6323828274255012}