{"Seed": 17, "Prop. class 1": 0.05, "Sel. bias": 0.95, "Method": "Label_Propagation", "Test set": "future", "pr": 0.05, "AUPRC": 0.4801884498959276, "p.50": 0.84, "p.100": 0.78, "Bias effect": 1.1837968848236768}