{"Seed": 16, "Prop. class 1": 0.5, "Sel. bias": 0.5, "Method": "Label_spreading", "Test set": "future", "pr": 1.0, "AUPRC": 0.8174311025185796, "p.50": 1.0, "p.100": 0.99, "Bias effect": 2.16155016117508}