{"Seed": 23, "Prop. class 1": 0.5, "Sel. bias": 0.95, "Method": "Semi-supervised", "Test set": "future", "pr": 0.7945736434108527, "AUPRC": 0.6302130139123661, "p.50": 0.9, "p.100": 0.89, "Bias effect": 1.9993237558152224}