{"Seed": 4, "Prop. class 1": 0.5, "Sel. bias": 0, "Method": "Semi-supervised", "Test set": "future", "pr": 0.7458636664460622, "AUPRC": 0.7291844105719716, "p.50": 0.98, "p.100": 0.96, "Bias effect": 1.5240377861828502}