{"Seed": 22, "Prop. class 1": 0.05, "Sel. bias": 0, "Method": "Label_spreading", "Test set": "future", "pr": 0.0, "AUPRC": 0.39386975257644147, "p.50": 0.82, "p.100": 0.66, "Bias effect": 1.400897848872418}