{"Seed": 4, "Prop. class 1": 0.05, "Sel. bias": 0.5, "Method": "Label_spreading", "Test set": "future", "pr": 0.07097347755222996, "AUPRC": 0.2334966768525617, "p.50": 0.46, "p.100": 0.46, "Bias effect": 1.7493136955148962}