{"Seed": 22, "Prop. class 1": 0.5, "Sel. bias": 0.5, "Method": "Veenman", "Test set": "future", "pr": 0.8784313725490196, "AUPRC": 0.6306861266586625, "p.50": 0.9, "p.100": 0.91, "Bias effect": 2.100737287057382}