{"Seed": 12, "Prop. class 1": 0.05, "Sel. bias": 0, "Method": "Semi-supervised", "Test set": "future", "pr": 0.5555555555555556, "AUPRC": 0.19093266930902464, "p.50": 0.36, "p.100": 0.29, "Bias effect": 1.3945066158755375}