{"Seed": 0, "Prop. class 1": 0.5, "Sel. bias": 0.95, "Method": "Semi-supervised", "Test set": "future", "pr": 0.7789373814041746, "AUPRC": 0.6611540951102579, "p.50": 0.86, "p.100": 0.88, "Bias effect": 1.9904054760950338}