{"Seed": 21, "Prop. class 1": 0.5, "Sel. bias": 0.5, "Method": "Self_Learning", "Test set": "future", "pr": 0.7371987951807228, "AUPRC": 0.707733826233832, "p.50": 0.92, "p.100": 0.93, "Bias effect": 1.8003568021120788}