{"Seed": 1, "Prop. class 1": 0.5, "Sel. bias": 0, "Method": "Veenman", "Test set": "future", "pr": 0.7713193116634799, "AUPRC": 0.7323751984831921, "p.50": 0.98, "p.100": 0.95, "Bias effect": 1.5470607822841826}