{"Seed": 40, "Prop. class 1": 0.05, "Sel. bias": 0.5, "Method": "Semi-supervised", "Test set": "future", "pr": 0.5909090909090909, "AUPRC": 0.3266423922925609, "p.50": 0.6, "p.100": 0.53, "Bias effect": 0.9879463925422435}