{"Seed": 24, "Prop. class 1": 0.5, "Sel. bias": 0.5, "Method": "Semi-supervised", "Test set": "future", "pr": 0.838074398249453, "AUPRC": 0.6234936360020127, "p.50": 0.84, "p.100": 0.86, "Bias effect": 2.088169432533825}