{"Seed": 1, "Prop. class 1": 0.05, "Sel. bias": 0, "Method": "Veenman", "Test set": "future", "pr": 0.0, "AUPRC": 0.19315863315908235, "p.50": 0.48, "p.100": 0.4, "Bias effect": 1.141653957048451}