{"Seed": 23, "Prop. class 1": 0.5, "Sel. bias": 0.5, "Method": "Semi-supervised", "Test set": "future", "pr": 0.8238993710691824, "AUPRC": 0.6409355461408195, "p.50": 0.82, "p.100": 0.87, "Bias effect": 2.29544561176801}