{"Seed": 7, "Prop. class 1": 0.05, "Sel. bias": 0.5, "Method": "Semi-supervised", "Test set": "future", "pr": 1.0, "AUPRC": 0.31867765213237964, "p.50": 0.66, "p.100": 0.55, "Bias effect": 1.0445080045000568}