{"Seed": 42, "Prop. class 1": 0.05, "Sel. bias": 0.5, "Method": "traditional", "Test set": "future", "pr": 0.10002977076510866, "AUPRC": 0.18831323255984933, "p.50": 0.46, "p.100": 0.41, "Bias effect": 1.5507489061144653}