{"Seed": 22, "Prop. class 1": 0.05, "Sel. bias": 0.95, "Method": "Self_Learning", "Test set": "future", "pr": 0.07455675102288226, "AUPRC": 0.3281406958679243, "p.50": 0.62, "p.100": 0.58, "Bias effect": 0.9449666461454106}