{"Seed": 44, "Prop. class 1": 0.5, "Sel. bias": 0.5, "Method": "Semi-supervised", "Test set": "future", "pr": 0.7842227378190255, "AUPRC": 0.6222305229855656, "p.50": 0.88, "p.100": 0.84, "Bias effect": 2.1277299098627585}