{"Seed": 3, "Prop. class 1": 0.05, "Sel. bias": 0.95, "Method": "Semi-supervised", "Test set": "future", "pr": 0.7, "AUPRC": 0.43787291206648266, "p.50": 0.8, "p.100": 0.7, "Bias effect": 0.8144445083308781}