{"Seed": 22, "Prop. class 1": 0.5, "Sel. bias": 0, "Method": "Label_spreading", "Test set": "future", "pr": 0.7872968980797637, "AUPRC": 0.8146883207987555, "p.50": 0.96, "p.100": 0.97, "Bias effect": 1.5747656272014476}