{"Seed": 32, "Prop. class 1": 0.5, "Sel. bias": 0, "Method": "Label_Propagation", "Test set": "future", "pr": 0.5012533841371704, "AUPRC": 0.835166421130647, "p.50": 1.0, "p.100": 0.99, "Bias effect": 2.049850090060452}