{"Seed": 41, "Prop. class 1": 0.05, "Sel. bias": 0.5, "Method": "Semi-supervised", "Test set": "future", "pr": 0.5818181818181818, "AUPRC": 0.3297544541356083, "p.50": 0.56, "p.100": 0.58, "Bias effect": 1.0090505818502788}