{"Seed": 3, "Prop. class 1": 0.5, "Sel. bias": 0.95, "Method": "Semi-supervised", "Test set": "future", "pr": 0.7702991452991453, "AUPRC": 0.6469443957424186, "p.50": 0.86, "p.100": 0.85, "Bias effect": 1.9231310916791822}