{"Seed": 39, "Prop. class 1": 0.5, "Sel. bias": 0.95, "Method": "Semi-supervised", "Test set": "future", "pr": 0.7645161290322581, "AUPRC": 0.6285819976412332, "p.50": 0.88, "p.100": 0.88, "Bias effect": 1.8453928115770535}