{"Seed": 44, "Prop. class 1": 0.5, "Sel. bias": 0, "Method": "Semi-supervised", "Test set": "future", "pr": 0.7964509394572025, "AUPRC": 0.743334793661157, "p.50": 0.98, "p.100": 0.97, "Bias effect": 1.4303607206453024}