{"Seed": 3, "Prop. class 1": 0.05, "Sel. bias": 0, "Method": "Label_Propagation", "Test set": "future", "pr": 0.36, "AUPRC": 0.127812466374091, "p.50": 0.22, "p.100": 0.26, "Bias effect": 1.1804812195399654}