{"Seed": 32, "Prop. class 1": 0.5, "Sel. bias": 0, "Method": "Semi-supervised", "Test set": "future", "pr": 0.7480392156862745, "AUPRC": 0.7414571469056269, "p.50": 0.98, "p.100": 0.97, "Bias effect": 1.5060033496538157}