{"Seed": 31, "Prop. class 1": 0.5, "Sel. bias": 0, "Method": "Veenman", "Test set": "future", "pr": 0.8360037700282752, "AUPRC": 0.7204907546438931, "p.50": 0.94, "p.100": 0.9, "Bias effect": 1.3756912434161883}