{"Seed": 32, "Prop. class 1": 0.05, "Sel. bias": 0, "Method": "Veenman", "Test set": "future", "pr": 0.0, "AUPRC": 0.18919566398391852, "p.50": 0.4, "p.100": 0.33, "Bias effect": 0.8875707472698948}