{"Seed": 31, "Prop. class 1": 0.5, "Sel. bias": 0.95, "Method": "traditional", "Test set": "future", "pr": 0.5848070739549839, "AUPRC": 0.7065479198848637, "p.50": 0.9, "p.100": 0.91, "Bias effect": 1.8592571481840732}