{"Seed": 34, "Prop. class 1": 0.5, "Sel. bias": 0.5, "Method": "Veenman", "Test set": "future", "pr": 0.8306451612903226, "AUPRC": 0.6446976513996886, "p.50": 0.92, "p.100": 0.91, "Bias effect": 2.1496574169856513}