{"Seed": 13, "Prop. class 1": 0.5, "Sel. bias": 0.5, "Method": "Veenman", "Test set": "future", "pr": 0.824, "AUPRC": 0.634241409739805, "p.50": 0.9, "p.100": 0.9, "Bias effect": 2.193371384256877}