{"Seed": 13, "Prop. class 1": 0.05, "Sel. bias": 0, "Method": "Veenman", "Test set": "future", "pr": 0.0, "AUPRC": 0.11115944019846159, "p.50": 0.14, "p.100": 0.15, "Bias effect": 1.0791736175416133}