{"Seed": 44, "Prop. class 1": 0.5, "Sel. bias": 0.95, "Method": "traditional", "Test set": "future", "pr": 0.5905009759271308, "AUPRC": 0.7524319266179473, "p.50": 0.92, "p.100": 0.92, "Bias effect": 1.746142155648392}