{"Seed": 34, "Prop. class 1": 0.05, "Sel. bias": 0.95, "Method": "Semi-supervised", "Test set": "future", "pr": 0.9333333333333333, "AUPRC": 0.4246967583261273, "p.50": 0.74, "p.100": 0.66, "Bias effect": 0.8244311259129583}