{"Seed": 30, "Prop. class 1": 0.5, "Sel. bias": 0.5, "Method": "Veenman", "Test set": "future", "pr": 0.8327868852459016, "AUPRC": 0.6329194433737575, "p.50": 0.94, "p.100": 0.9, "Bias effect": 2.249690766892319}