{"Seed": 30, "Prop. class 1": 0.5, "Sel. bias": 0.5, "Method": "Label_Propagation", "Test set": "future", "pr": 1.0, "AUPRC": 0.8414886812436024, "p.50": 1.0, "p.100": 1.0, "Bias effect": 2.063808021814338}