{"Seed": 41, "Prop. class 1": 0.05, "Sel. bias": 0.95, "Method": "Semi-supervised", "Test set": "future", "pr": 0.5454545454545454, "AUPRC": 0.3622624243942979, "p.50": 0.48, "p.100": 0.56, "Bias effect": 0.9219232486102542}