{"Seed": 0, "Prop. class 1": 0.05, "Sel. bias": 0.5, "Method": "traditional", "Test set": "future", "pr": 0.10334511830296438, "AUPRC": 0.1672861671424298, "p.50": 0.36, "p.100": 0.3, "Bias effect": 0.9658378640692526}