{"Seed": 31, "Prop. class 1": 0.5, "Sel. bias": 0, "Method": "Label_spreading", "Test set": "future", "pr": 0.7828034034930587, "AUPRC": 0.8416568858089677, "p.50": 1.0, "p.100": 0.99, "Bias effect": 2.1061049773234437}