{"Seed": 39, "Prop. class 1": 0.5, "Sel. bias": 0, "Method": "Veenman", "Test set": "future", "pr": 0.8786677240285488, "AUPRC": 0.7627224981852243, "p.50": 0.96, "p.100": 0.96, "Bias effect": 1.6184251669315484}