{"Seed": 6, "Prop. class 1": 0.05, "Sel. bias": 0.5, "Method": "Self_Learning", "Test set": "future", "pr": 0.12106468231253578, "AUPRC": 0.24208337045529355, "p.50": 0.48, "p.100": 0.47, "Bias effect": 1.0244518531739972}