{"Seed": 13, "Prop. class 1": 0.05, "Sel. bias": 0, "Method": "Self_Learning", "Test set": "future", "pr": 0.0, "AUPRC": 0.21616501655881698, "p.50": 0.44, "p.100": 0.43, "Bias effect": 1.2842655040680804}