{"Seed": 25, "Prop. class 1": 0.5, "Sel. bias": 0, "Method": "traditional", "Test set": "future", "pr": 0.6988001654944146, "AUPRC": 0.757478806580749, "p.50": 0.92, "p.100": 0.96, "Bias effect": 1.715401388415826}