{"Seed": 35, "Prop. class 1": 0.5, "Sel. bias": 0.5, "Method": "Self_Learning", "Test set": "future", "pr": 0.8287777204744714, "AUPRC": 0.7632770649122478, "p.50": 0.98, "p.100": 0.99, "Bias effect": 1.9278368582537722}