{"Seed": 3, "Prop. class 1": 0.05, "Sel. bias": 0.95, "Method": "Label_spreading", "Test set": "future", "pr": 0.0499, "AUPRC": 0.48409624335841656, "p.50": 0.84, "p.100": 0.72, "Bias effect": 1.1409626484655357}