{"Seed": 1, "Prop. class 1": 0.05, "Sel. bias": 0.5, "Method": "Label_spreading", "Test set": "future", "pr": 0.10932798395185557, "AUPRC": 0.28575797737544273, "p.50": 0.52, "p.100": 0.5, "Bias effect": 1.1273360800193568}