{"Seed": 27, "Prop. class 1": 0.5, "Sel. bias": 0, "Method": "traditional", "Test set": "future", "pr": 0.7098680323025409, "AUPRC": 0.7817324295194495, "p.50": 0.98, "p.100": 0.99, "Bias effect": 1.8018519182947774}