{"Seed": 26, "Prop. class 1": 0.5, "Sel. bias": 0, "Method": "Semi-supervised", "Test set": "future", "pr": 0.6783796974133723, "AUPRC": 0.6884662983764501, "p.50": 0.8, "p.100": 0.85, "Bias effect": 1.2048275015051442}