{"Seed": 12, "Prop. class 1": 0.5, "Sel. bias": 0.5, "Method": "Self_Learning", "Test set": "future", "pr": 0.7592149353757779, "AUPRC": 0.7107224262761584, "p.50": 0.96, "p.100": 0.96, "Bias effect": 2.198166525301638}