{"Seed": 31, "Prop. class 1": 0.5, "Sel. bias": 0.5, "Method": "Self_Learning", "Test set": "future", "pr": 0.8085414404632646, "AUPRC": 0.7786939793162837, "p.50": 1.0, "p.100": 1.0, "Bias effect": 1.7929891830402376}