{"Seed": 20, "Prop. class 1": 0.5, "Sel. bias": 0, "Method": "Veenman", "Test set": "future", "pr": 0.0, "AUPRC": 0.6553080044986841, "p.50": 0.88, "p.100": 0.87, "Bias effect": 0.9616353551642095}