{"Seed": 21, "Prop. class 1": 0.05, "Sel. bias": 0.95, "Method": "traditional", "Test set": "future", "pr": 0.06314449395289624, "AUPRC": 0.28529133790894395, "p.50": 0.56, "p.100": 0.46, "Bias effect": 0.984735832203625}