{"Seed": 12, "Prop. class 1": 0.5, "Sel. bias": 0.5, "Method": "Veenman", "Test set": "future", "pr": 0.8652694610778443, "AUPRC": 0.6346879072982965, "p.50": 0.9, "p.100": 0.89, "Bias effect": 2.2912268480045834}