{"Seed": 44, "Prop. class 1": 0.5, "Sel. bias": 0.5, "Method": "Label_Propagation", "Test set": "future", "pr": 1.0, "AUPRC": 0.8148877519206139, "p.50": 1.0, "p.100": 0.97, "Bias effect": 2.1947966933924343}