{"Seed": 12, "Prop. class 1": 0.5, "Sel. bias": 0, "Method": "Label_spreading", "Test set": "future", "pr": 0.69344, "AUPRC": 0.8466966439698591, "p.50": 1.0, "p.100": 1.0, "Bias effect": 2.1349748927396774}