{"Seed": 1, "Prop. class 1": 0.5, "Sel. bias": 0.5, "Method": "Veenman", "Test set": "future", "pr": 0.8415492957746479, "AUPRC": 0.6445110453801823, "p.50": 0.88, "p.100": 0.9, "Bias effect": 2.123469617573565}