{"Seed": 29, "Prop. class 1": 0.05, "Sel. bias": 0, "Method": "Self_Learning", "Test set": "future", "pr": 0.25, "AUPRC": 0.20613376416812082, "p.50": 0.38, "p.100": 0.35, "Bias effect": 1.355071280702933}