{"Seed": 5, "Prop. class 1": 0.05, "Sel. bias": 0.5, "Method": "Veenman", "Test set": "future", "pr": 1.0, "AUPRC": 0.266247602591442, "p.50": 0.52, "p.100": 0.43, "Bias effect": 0.9958096777450013}