{"Seed": 20, "Prop. class 1": 0.5, "Sel. bias": 0, "Method": "Label_spreading", "Test set": "future", "pr": 0.7623636824752726, "AUPRC": 0.7762675128106482, "p.50": 0.96, "p.100": 0.98, "Bias effect": 1.5036149037194602}