{"Seed": 33, "Prop. class 1": 0.05, "Sel. bias": 0.95, "Method": "Veenman", "Test set": "future", "pr": 0.6382978723404256, "AUPRC": 0.4017749664376861, "p.50": 0.64, "p.100": 0.63, "Bias effect": 0.8605262050113286}