{"Seed": 39, "Prop. class 1": 0.05, "Sel. bias": 0, "Method": "traditional", "Test set": "future", "pr": 0.6153846153846154, "AUPRC": 0.2376395487322015, "p.50": 0.48, "p.100": 0.43, "Bias effect": 1.0389978326193443}