{"Seed": 43, "Prop. class 1": 0.5, "Sel. bias": 0.95, "Method": "traditional", "Test set": "future", "pr": 0.6513270547945206, "AUPRC": 0.7052766006130659, "p.50": 0.92, "p.100": 0.92, "Bias effect": 1.6590486061069856}