{"Seed": 36, "Prop. class 1": 0.5, "Sel. bias": 0.5, "Method": "traditional", "Test set": "future", "pr": 0.8664027709054923, "AUPRC": 0.7979931603929299, "p.50": 0.96, "p.100": 0.98, "Bias effect": 2.0046355005426415}