{"Seed": 14, "Prop. class 1": 0.5, "Sel. bias": 0.5, "Method": "Semi-supervised", "Test set": "future", "pr": 0.8243512974051896, "AUPRC": 0.6585882000772258, "p.50": 0.92, "p.100": 0.87, "Bias effect": 2.183323270819434}