{"Seed": 36, "Prop. class 1": 0.05, "Sel. bias": 0, "Method": "Label_Propagation", "Test set": "future", "pr": 0.0, "AUPRC": 0.40283201800392415, "p.50": 0.74, "p.100": 0.69, "Bias effect": 1.2777899987104688}