{"Seed": 41, "Prop. class 1": 0.5, "Sel. bias": 0.5, "Method": "Self_Learning", "Test set": "future", "pr": 0.7662804634438674, "AUPRC": 0.7355385066708908, "p.50": 0.98, "p.100": 0.96, "Bias effect": 2.119047626419135}