{"Seed": 10, "Prop. class 1": 0.5, "Sel. bias": 0.5, "Method": "Veenman", "Test set": "future", "pr": 0.8422459893048129, "AUPRC": 0.6728803755338799, "p.50": 0.86, "p.100": 0.86, "Bias effect": 2.293748190833514}