{"Seed": 41, "Prop. class 1": 0.05, "Sel. bias": 0.5, "Method": "Label_Propagation", "Test set": "future", "pr": 0.0510119785212722, "AUPRC": 0.39157499751650526, "p.50": 0.74, "p.100": 0.67, "Bias effect": 1.115506217725408}