{"Seed": 24, "Prop. class 1": 0.5, "Sel. bias": 0, "Method": "Label_spreading", "Test set": "future", "pr": 0.7237141556668184, "AUPRC": 0.7621753308634972, "p.50": 0.94, "p.100": 0.94, "Bias effect": 1.5132818625339315}