{"Seed": 8, "Prop. class 1": 0.05, "Sel. bias": 0.5, "Method": "Veenman", "Test set": "future", "pr": 0.5, "AUPRC": 0.2703062958983711, "p.50": 0.56, "p.100": 0.49, "Bias effect": 0.9677051065185722}