{"Seed": 7, "Prop. class 1": 0.05, "Sel. bias": 0.5, "Method": "traditional", "Test set": "future", "pr": 0.11771494518176573, "AUPRC": 0.22250988006659225, "p.50": 0.42, "p.100": 0.34, "Bias effect": 1.3265383823620638}