{"Seed": 6, "Prop. class 1": 0.5, "Sel. bias": 0.95, "Method": "traditional", "Test set": "future", "pr": 0.5798841059602649, "AUPRC": 0.6825974538714427, "p.50": 0.78, "p.100": 0.79, "Bias effect": 1.6604945536829683}