{"Seed": 35, "Prop. class 1": 0.5, "Sel. bias": 0.95, "Method": "Label_Propagation", "Test set": "future", "pr": 0.5, "AUPRC": 0.7577875718423379, "p.50": 1.0, "p.100": 0.98, "Bias effect": 2.239152367427212}