{"Seed": 16, "Prop. class 1": 0.05, "Sel. bias": 0, "Method": "Veenman", "Test set": "future", "pr": 0.3333333333333333, "AUPRC": 0.21053996302418415, "p.50": 0.36, "p.100": 0.35, "Bias effect": 1.4064424855117108}