{"Seed": 20, "Prop. class 1": 0.05, "Sel. bias": 0, "Method": "Self_Learning", "Test set": "future", "pr": 0.5348837209302325, "AUPRC": 0.26741885498578283, "p.50": 0.6, "p.100": 0.51, "Bias effect": 1.1873179018399243}