{"Seed": 39, "Prop. class 1": 0.05, "Sel. bias": 0.5, "Method": "traditional", "Test set": "future", "pr": 0.09779338014042126, "AUPRC": 0.18020067526420774, "p.50": 0.42, "p.100": 0.33, "Bias effect": 1.7192407735888198}