{"Seed": 3, "Prop. class 1": 0.5, "Sel. bias": 0.5, "Method": "Veenman", "Test set": "future", "pr": 0.8297413793103449, "AUPRC": 0.6411242033783879, "p.50": 0.96, "p.100": 0.95, "Bias effect": 2.2541550453919177}