{"Seed": 33, "Prop. class 1": 0.5, "Sel. bias": 0.95, "Method": "Self_Learning", "Test set": "future", "pr": 0.6238321586625143, "AUPRC": 0.6915679651470071, "p.50": 0.84, "p.100": 0.86, "Bias effect": 1.6795250939779591}