{"Seed": 2, "Prop. class 1": 0.05, "Sel. bias": 0.5, "Method": "Veenman", "Test set": "future", "pr": 0.8333333333333334, "AUPRC": 0.3076988069340222, "p.50": 0.58, "p.100": 0.54, "Bias effect": 1.070768067344917}