{"Seed": 35, "Prop. class 1": 0.05, "Sel. bias": 0, "Method": "traditional", "Test set": "future", "pr": 0.2222222222222222, "AUPRC": 0.21834408344861422, "p.50": 0.32, "p.100": 0.33, "Bias effect": 1.2613997772540064}