{"Seed": 36, "Prop. class 1": 0.5, "Sel. bias": 0.5, "Method": "Veenman", "Test set": "future", "pr": 0.7910447761194029, "AUPRC": 0.6215874449285037, "p.50": 0.88, "p.100": 0.86, "Bias effect": 2.244708972066809}