{"Seed": 34, "Prop. class 1": 0.5, "Sel. bias": 0, "Method": "Semi-supervised", "Test set": "future", "pr": 0.8424467099165894, "AUPRC": 0.7283524968783817, "p.50": 0.98, "p.100": 0.94, "Bias effect": 1.2454574367532483}