{"Seed": 22, "Prop. class 1": 0.5, "Sel. bias": 0, "Method": "Veenman", "Test set": "future", "pr": 0.0, "AUPRC": 0.6758143902055246, "p.50": 0.86, "p.100": 0.89, "Bias effect": 1.0643345133606208}