{"Seed": 33, "Prop. class 1": 0.05, "Sel. bias": 0.95, "Method": "Semi-supervised", "Test set": "future", "pr": 0.5072463768115942, "AUPRC": 0.3902880585893706, "p.50": 0.64, "p.100": 0.63, "Bias effect": 0.948090210833803}