{"Seed": 21, "Prop. class 1": 0.05, "Sel. bias": 0.5, "Method": "Label_Propagation", "Test set": "future", "pr": 0.04992967651195499, "AUPRC": 0.36965774863600714, "p.50": 0.72, "p.100": 0.64, "Bias effect": 1.2341868700653549}