{"Seed": 1, "Prop. class 1": 0.05, "Sel. bias": 0, "Method": "Label_spreading", "Test set": "future", "pr": 0.0, "AUPRC": 0.4250670329845214, "p.50": 0.76, "p.100": 0.68, "Bias effect": 1.367460255471066}