{"Seed": 23, "Prop. class 1": 0.05, "Sel. bias": 0, "Method": "Label_Propagation", "Test set": "future", "pr": 0.0, "AUPRC": 0.32486142785184796, "p.50": 0.6, "p.100": 0.47, "Bias effect": 1.6146652241207575}