{"Seed": 5, "Prop. class 1": 0.5, "Sel. bias": 0, "Method": "Self_Learning", "Test set": "future", "pr": 0.7092561044860874, "AUPRC": 0.7859336493422104, "p.50": 0.96, "p.100": 0.96, "Bias effect": 1.704650381959214}