{"Seed": 23, "Prop. class 1": 0.5, "Sel. bias": 0.5, "Method": "traditional", "Test set": "future", "pr": 0.7625645843118836, "AUPRC": 0.8058906107191408, "p.50": 1.0, "p.100": 0.99, "Bias effect": 1.6346877405845932}