{"Seed": 7, "Prop. class 1": 0.05, "Sel. bias": 0, "Method": "Self_Learning", "Test set": "future", "pr": 0.42045454545454547, "AUPRC": 0.22529102678720936, "p.50": 0.54, "p.100": 0.41, "Bias effect": 1.396594884084067}