{"Seed": 33, "Prop. class 1": 0.5, "Sel. bias": 0.95, "Method": "traditional", "Test set": "future", "pr": 0.5563828509667347, "AUPRC": 0.7192592384192725, "p.50": 0.92, "p.100": 0.92, "Bias effect": 1.9378836572473714}