{"Seed": 38, "Prop. class 1": 0.05, "Sel. bias": 0.95, "Method": "Label_spreading", "Test set": "future", "pr": 0.0501, "AUPRC": 0.44882316635934827, "p.50": 0.78, "p.100": 0.71, "Bias effect": 1.3237123102494068}