{"Seed": 19, "Prop. class 1": 0.05, "Sel. bias": 0.5, "Method": "Veenman", "Test set": "future", "pr": 0.7636363636363637, "AUPRC": 0.38515836904462963, "p.50": 0.8, "p.100": 0.66, "Bias effect": 0.9426906683549674}