{"Seed": 8, "Prop. class 1": 0.5, "Sel. bias": 0.95, "Method": "Self_Learning", "Test set": "future", "pr": 0.7070873557805509, "AUPRC": 0.7168164183197788, "p.50": 0.96, "p.100": 0.94, "Bias effect": 1.7604607042163898}