{"Seed": 33, "Prop. class 1": 0.05, "Sel. bias": 0.5, "Method": "Label_spreading", "Test set": "future", "pr": 0.0775023533103232, "AUPRC": 0.3329058401914257, "p.50": 0.78, "p.100": 0.65, "Bias effect": 1.4563184548883625}