{"Seed": 0, "Prop. class 1": 0.5, "Sel. bias": 0, "Method": "Label_Propagation", "Test set": "future", "pr": 0.5001000400160064, "AUPRC": 0.758244592210918, "p.50": 0.94, "p.100": 0.93, "Bias effect": 1.9888252878925636}