{"Seed": 13, "Prop. class 1": 0.05, "Sel. bias": 0.5, "Method": "Veenman", "Test set": "future", "pr": 0.16666666666666666, "AUPRC": 0.2798777690966977, "p.50": 0.5, "p.100": 0.49, "Bias effect": 1.01259112033094}