{"Seed": 6, "Prop. class 1": 0.5, "Sel. bias": 0.95, "Method": "Semi-supervised", "Test set": "future", "pr": 0.7780938833570412, "AUPRC": 0.647636502908141, "p.50": 0.88, "p.100": 0.85, "Bias effect": 1.999867382014329}