{"Seed": 10, "Prop. class 1": 0.05, "Sel. bias": 0.95, "Method": "Veenman", "Test set": "future", "pr": 0.8260869565217391, "AUPRC": 0.41382765571456315, "p.50": 0.86, "p.100": 0.73, "Bias effect": 0.8910902439676816}