{"Seed": 42, "Prop. class 1": 0.5, "Sel. bias": 0.95, "Method": "Label_spreading", "Test set": "future", "pr": 0.5, "AUPRC": 0.7080974132069798, "p.50": 0.96, "p.100": 0.92, "Bias effect": 2.398062332681838}