{"Seed": 0, "Prop. class 1": 0.5, "Sel. bias": 0.95, "Method": "traditional", "Test set": "future", "pr": 0.668141592920354, "AUPRC": 0.6793597597470664, "p.50": 0.82, "p.100": 0.83, "Bias effect": 1.644997915279923}