{"Seed": 2, "Prop. class 1": 0.05, "Sel. bias": 0.5, "Method": "Self_Learning", "Test set": "future", "pr": 0.12574850299401197, "AUPRC": 0.2541726692251004, "p.50": 0.44, "p.100": 0.39, "Bias effect": 1.0534309505390875}