{"Seed": 41, "Prop. class 1": 0.5, "Sel. bias": 0.95, "Method": "Self_Learning", "Test set": "future", "pr": 0.695675105485232, "AUPRC": 0.7083973087707175, "p.50": 1.0, "p.100": 0.97, "Bias effect": 1.8387727271926129}