{"Seed": 8, "Prop. class 1": 0.05, "Sel. bias": 0.95, "Method": "Self_Learning", "Test set": "future", "pr": 0.07612191759840711, "AUPRC": 0.29584917851653797, "p.50": 0.58, "p.100": 0.53, "Bias effect": 0.9020597600920216}