{"Seed": 38, "Prop. class 1": 0.05, "Sel. bias": 0, "Method": "Label_spreading", "Test set": "future", "pr": 0.0, "AUPRC": 0.4339210869988903, "p.50": 0.7, "p.100": 0.63, "Bias effect": 1.3546391831443734}