{"Seed": 40, "Prop. class 1": 0.5, "Sel. bias": 0.95, "Method": "Self_Learning", "Test set": "future", "pr": 0.6780947395969641, "AUPRC": 0.676102184154393, "p.50": 0.76, "p.100": 0.81, "Bias effect": 1.584309549412087}