{"Seed": 7, "Prop. class 1": 0.5, "Sel. bias": 0.95, "Method": "traditional", "Test set": "future", "pr": 0.5709325396825397, "AUPRC": 0.7215547393052977, "p.50": 0.96, "p.100": 0.89, "Bias effect": 1.647762308811395}