{"Seed": 33, "Prop. class 1": 0.05, "Sel. bias": 0.5, "Method": "Label_Propagation", "Test set": "future", "pr": 0.05069912483653556, "AUPRC": 0.4153846883620901, "p.50": 0.84, "p.100": 0.76, "Bias effect": 1.1450704740978475}