{"Seed": 43, "Prop. class 1": 0.5, "Sel. bias": 0, "Method": "Self_Learning", "Test set": "future", "pr": 0.7207857286029264, "AUPRC": 0.8049854024569935, "p.50": 0.98, "p.100": 0.99, "Bias effect": 1.8551894026487032}