{"Seed": 16, "Prop. class 1": 0.5, "Sel. bias": 0.5, "Method": "Label_Propagation", "Test set": "future", "pr": 0.0, "AUPRC": 0.7892879424987426, "p.50": 0.94, "p.100": 0.93, "Bias effect": 2.221544418555449}