{"Seed": 41, "Prop. class 1": 0.5, "Sel. bias": 0.95, "Method": "Semi-supervised", "Test set": "future", "pr": 0.7675438596491229, "AUPRC": 0.6783773040530698, "p.50": 0.86, "p.100": 0.85, "Bias effect": 2.1270000198887287}