{"Seed": 36, "Prop. class 1": 0.5, "Sel. bias": 0, "Method": "Self_Learning", "Test set": "future", "pr": 0.6133266866068461, "AUPRC": 0.6818222818510297, "p.50": 0.86, "p.100": 0.86, "Bias effect": 1.088788205999645}