{"Seed": 14, "Prop. class 1": 0.05, "Sel. bias": 0.95, "Method": "Label_spreading", "Test set": "future", "pr": 0.05, "AUPRC": 0.4447993675130356, "p.50": 0.84, "p.100": 0.69, "Bias effect": 1.2334687864766487}