{"Seed": 32, "Prop. class 1": 0.05, "Sel. bias": 0.5, "Method": "Veenman", "Test set": "future", "pr": 0.5694444444444444, "AUPRC": 0.3518636835043284, "p.50": 0.64, "p.100": 0.54, "Bias effect": 0.8357679004267109}