{"Seed": 25, "Prop. class 1": 0.05, "Sel. bias": 0, "Method": "Label_spreading", "Test set": "future", "pr": 0.0, "AUPRC": 0.1343670947714526, "p.50": 0.38, "p.100": 0.26, "Bias effect": 1.068414646609578}