{"Seed": 0, "Prop. class 1": 0.5, "Sel. bias": 0, "Method": "Self_Learning", "Test set": "future", "pr": 0.7004244996967859, "AUPRC": 0.7626736668163066, "p.50": 0.98, "p.100": 0.95, "Bias effect": 1.7862894775710834}