{"Seed": 10, "Prop. class 1": 0.5, "Sel. bias": 0, "Method": "Veenman", "Test set": "future", "pr": 1.0, "AUPRC": 0.6903248898530219, "p.50": 0.82, "p.100": 0.8, "Bias effect": 0.9360673669377124}