{"Seed": 10, "Prop. class 1": 0.05, "Sel. bias": 0, "Method": "Label_spreading", "Test set": "future", "pr": 0.0, "AUPRC": 0.3668462442815721, "p.50": 0.72, "p.100": 0.62, "Bias effect": 1.5419414693501177}