{"Seed": 22, "Prop. class 1": 0.05, "Sel. bias": 0, "Method": "Semi-supervised", "Test set": "future", "pr": 0.38613861386138615, "AUPRC": 0.18809780791771186, "p.50": 0.36, "p.100": 0.39, "Bias effect": 1.0951141528608344}