{"Seed": 30, "Prop. class 1": 0.5, "Sel. bias": 0, "Method": "Self_Learning", "Test set": "future", "pr": 0.7196078431372549, "AUPRC": 0.8044702937788265, "p.50": 0.98, "p.100": 0.98, "Bias effect": 1.6896354148577555}