{"Seed": 0, "Prop. class 1": 0.05, "Sel. bias": 0.5, "Method": "Veenman", "Test set": "future", "pr": 0.19268849961919268, "AUPRC": 0.21432213811692505, "p.50": 0.4, "p.100": 0.39, "Bias effect": 0.9285456874870579}