{"Seed": 24, "Prop. class 1": 0.5, "Sel. bias": 0.5, "Method": "Label_spreading", "Test set": "future", "pr": 0.9774436090225563, "AUPRC": 0.8224632515818137, "p.50": 1.0, "p.100": 0.99, "Bias effect": 2.1709481966710853}