{"Seed": 35, "Prop. class 1": 0.5, "Sel. bias": 0, "Method": "Semi-supervised", "Test set": "future", "pr": 0.8128898128898129, "AUPRC": 0.7548792719363102, "p.50": 0.98, "p.100": 0.98, "Bias effect": 1.5071546701761487}