{"Seed": 29, "Prop. class 1": 0.5, "Sel. bias": 0.5, "Method": "Semi-supervised", "Test set": "future", "pr": 0.8547619047619047, "AUPRC": 0.633030947372188, "p.50": 0.86, "p.100": 0.9, "Bias effect": 2.22067749150964}