{"Seed": 44, "Prop. class 1": 0.05, "Sel. bias": 0, "Method": "Self_Learning", "Test set": "future", "pr": 0.25757575757575757, "AUPRC": 0.18107941542705436, "p.50": 0.44, "p.100": 0.33, "Bias effect": 1.2905602576367168}