{"Seed": 39, "Prop. class 1": 0.5, "Sel. bias": 0, "Method": "Label_Propagation", "Test set": "future", "pr": 0.8488954344624448, "AUPRC": 0.8455480620401996, "p.50": 1.0, "p.100": 1.0, "Bias effect": 2.1462447564663067}