{"Seed": 42, "Prop. class 1": 0.05, "Sel. bias": 0.95, "Method": "Self_Learning", "Test set": "future", "pr": 0.08389204057074093, "AUPRC": 0.2910274472847978, "p.50": 0.54, "p.100": 0.5, "Bias effect": 1.2030310013765368}