{"Seed": 3, "Prop. class 1": 0.5, "Sel. bias": 0, "Method": "Veenman", "Test set": "future", "pr": 0.8945848375451263, "AUPRC": 0.7957182789179711, "p.50": 0.98, "p.100": 0.97, "Bias effect": 1.6025635211676492}