{"Seed": 33, "Prop. class 1": 0.05, "Sel. bias": 0.5, "Method": "Semi-supervised", "Test set": "future", "pr": 0.6304347826086957, "AUPRC": 0.3637125952961181, "p.50": 0.66, "p.100": 0.64, "Bias effect": 0.9931534288985812}