{"Seed": 25, "Prop. class 1": 0.05, "Sel. bias": 0.95, "Method": "Semi-supervised", "Test set": "future", "pr": 0.4936708860759494, "AUPRC": 0.2918237483044412, "p.50": 0.56, "p.100": 0.48, "Bias effect": 1.1118916460323025}