{"Seed": 12, "Prop. class 1": 0.05, "Sel. bias": 0.95, "Method": "Label_spreading", "Test set": "future", "pr": 0.05, "AUPRC": 0.45451801862632046, "p.50": 0.76, "p.100": 0.71, "Bias effect": 1.2361419730037042}