{"Seed": 18, "Prop. class 1": 0.05, "Sel. bias": 0.5, "Method": "Label_spreading", "Test set": "future", "pr": 0.09576202118989405, "AUPRC": 0.3522952002371672, "p.50": 0.68, "p.100": 0.59, "Bias effect": 1.3484299962188293}