{"Seed": 31, "Prop. class 1": 0.5, "Sel. bias": 0.5, "Method": "Label_spreading", "Test set": "future", "pr": 0.0, "AUPRC": 0.8353835470883155, "p.50": 0.98, "p.100": 0.98, "Bias effect": 2.0972718286258254}