{"Seed": 8, "Prop. class 1": 0.05, "Sel. bias": 0, "Method": "traditional", "Test set": "future", "pr": 0.5, "AUPRC": 0.22259485551501737, "p.50": 0.46, "p.100": 0.4, "Bias effect": 1.064481757778978}