{"Seed": 33, "Prop. class 1": 0.5, "Sel. bias": 0, "Method": "traditional", "Test set": "future", "pr": 0.6393649648204943, "AUPRC": 0.7337278933679037, "p.50": 1.0, "p.100": 1.0, "Bias effect": 1.9443061292935648}