{"Seed": 18, "Prop. class 1": 0.05, "Sel. bias": 0.95, "Method": "traditional", "Test set": "future", "pr": 0.059972963008479784, "AUPRC": 0.3084836756973312, "p.50": 0.52, "p.100": 0.48, "Bias effect": 0.8658098970523206}