{"Seed": 44, "Prop. class 1": 0.5, "Sel. bias": 0, "Method": "Veenman", "Test set": "future", "pr": 0.7982608695652174, "AUPRC": 0.732251360987116, "p.50": 0.96, "p.100": 0.96, "Bias effect": 1.407022624886864}