{"Seed": 33, "Prop. class 1": 0.5, "Sel. bias": 0.5, "Method": "Semi-supervised", "Test set": "future", "pr": 0.819672131147541, "AUPRC": 0.6305966737644187, "p.50": 0.96, "p.100": 0.9, "Bias effect": 2.1462431602475913}