{"Seed": 0, "Prop. class 1": 0.05, "Sel. bias": 0.95, "Method": "Veenman", "Test set": "future", "pr": 0.46511627906976744, "AUPRC": 0.26388527303596354, "p.50": 0.58, "p.100": 0.43, "Bias effect": 0.9213423122785769}