{"Seed": 22, "Prop. class 1": 0.05, "Sel. bias": 0.5, "Method": "Self_Learning", "Test set": "future", "pr": 0.6055045871559633, "AUPRC": 0.3536544091440876, "p.50": 0.72, "p.100": 0.63, "Bias effect": 0.9274165719327198}