{"Seed": 44, "Prop. class 1": 0.5, "Sel. bias": 0.95, "Method": "Label_Propagation", "Test set": "future", "pr": 0.4998, "AUPRC": 0.7618649465285299, "p.50": 0.98, "p.100": 0.98, "Bias effect": 2.28694045129374}