{"Seed": 2, "Prop. class 1": 0.05, "Sel. bias": 0.95, "Method": "Semi-supervised", "Test set": "future", "pr": 0.536, "AUPRC": 0.35566481612596934, "p.50": 0.64, "p.100": 0.56, "Bias effect": 0.9959447381896901}