{"Seed": 18, "Prop. class 1": 0.5, "Sel. bias": 0.5, "Method": "traditional", "Test set": "future", "pr": 0.751653638003608, "AUPRC": 0.7572790170848697, "p.50": 1.0, "p.100": 0.99, "Bias effect": 1.6719644196048866}