{"Seed": 26, "Prop. class 1": 0.05, "Sel. bias": 0.95, "Method": "traditional", "Test set": "future", "pr": 0.08249496981891348, "AUPRC": 0.3288553061340273, "p.50": 0.62, "p.100": 0.55, "Bias effect": 0.9542516744995178}