{"Seed": 32, "Prop. class 1": 0.5, "Sel. bias": 0.95, "Method": "traditional", "Test set": "future", "pr": 0.7353504404442742, "AUPRC": 0.7098053355942306, "p.50": 0.94, "p.100": 0.93, "Bias effect": 1.8736364920201516}