{"Seed": 13, "Prop. class 1": 0.05, "Sel. bias": 0.95, "Method": "Veenman", "Test set": "future", "pr": 0.7608695652173914, "AUPRC": 0.3560891549486823, "p.50": 0.78, "p.100": 0.64, "Bias effect": 1.0213993669077743}