{"Seed": 2, "Prop. class 1": 0.5, "Sel. bias": 0.95, "Method": "Label_Propagation", "Test set": "future", "pr": 0.5, "AUPRC": 0.7730608242295931, "p.50": 0.98, "p.100": 0.99, "Bias effect": 2.2649991335843533}