{"Seed": 23, "Prop. class 1": 0.05, "Sel. bias": 0.95, "Method": "Veenman", "Test set": "future", "pr": 0.6129032258064516, "AUPRC": 0.3772555012569318, "p.50": 0.6, "p.100": 0.62, "Bias effect": 0.798872425561676}