{"Seed": 27, "Prop. class 1": 0.05, "Sel. bias": 0, "Method": "Label_spreading", "Test set": "future", "pr": 0.0, "AUPRC": 0.17828668790643354, "p.50": 0.22, "p.100": 0.25, "Bias effect": 0.9724424375454115}