{"Seed": 7, "Prop. class 1": 0.5, "Sel. bias": 0, "Method": "Veenman", "Test set": "future", "pr": 0.9245283018867925, "AUPRC": 0.7361817783753132, "p.50": 0.94, "p.100": 0.94, "Bias effect": 1.3131117403784762}