{"Seed": 22, "Prop. class 1": 0.05, "Sel. bias": 0, "Method": "Label_Propagation", "Test set": "future", "pr": 0.0, "AUPRC": 0.3717758555390944, "p.50": 0.72, "p.100": 0.69, "Bias effect": 1.3547500339168748}