{"Seed": 24, "Prop. class 1": 0.5, "Sel. bias": 0.95, "Method": "traditional", "Test set": "future", "pr": 0.6450633815390109, "AUPRC": 0.712131218480009, "p.50": 0.88, "p.100": 0.89, "Bias effect": 1.764111971370015}