{"Seed": 3, "Prop. class 1": 0.05, "Sel. bias": 0.5, "Method": "Semi-supervised", "Test set": "future", "pr": 0.7428571428571429, "AUPRC": 0.36348828169585434, "p.50": 0.72, "p.100": 0.64, "Bias effect": 0.8792740558465706}