{"Seed": 42, "Prop. class 1": 0.5, "Sel. bias": 0.5, "Method": "Label_spreading", "Test set": "future", "pr": 1.0, "AUPRC": 0.8208066124804391, "p.50": 1.0, "p.100": 1.0, "Bias effect": 2.1457336976113646}