{"Seed": 21, "Prop. class 1": 0.5, "Sel. bias": 0, "Method": "Veenman", "Test set": "future", "pr": 0.5, "AUPRC": 0.656343592189025, "p.50": 0.78, "p.100": 0.8, "Bias effect": 1.0778145416834337}