{"Seed": 21, "Prop. class 1": 0.05, "Sel. bias": 0.5, "Method": "Semi-supervised", "Test set": "future", "pr": 0.5740740740740741, "AUPRC": 0.30436257526323474, "p.50": 0.54, "p.100": 0.5, "Bias effect": 1.0246364697604393}