{"Seed": 20, "Prop. class 1": 0.05, "Sel. bias": 0, "Method": "Semi-supervised", "Test set": "future", "pr": 0.5636363636363636, "AUPRC": 0.2520809421367677, "p.50": 0.56, "p.100": 0.51, "Bias effect": 1.179876634155476}