{"Seed": 24, "Prop. class 1": 0.5, "Sel. bias": 0, "Method": "traditional", "Test set": "future", "pr": 0.701394422310757, "AUPRC": 0.7789146823155642, "p.50": 1.0, "p.100": 0.98, "Bias effect": 1.6445373691149339}