{"Seed": 39, "Prop. class 1": 0.05, "Sel. bias": 0, "Method": "Semi-supervised", "Test set": "future", "pr": 0.5538461538461539, "AUPRC": 0.2432069258723377, "p.50": 0.56, "p.100": 0.51, "Bias effect": 1.273188745932704}