{"Seed": 4, "Prop. class 1": 0.05, "Sel. bias": 0, "Method": "Semi-supervised", "Test set": "future", "pr": 0.24186046511627907, "AUPRC": 0.1651584752583944, "p.50": 0.34, "p.100": 0.27, "Bias effect": 1.3425598407244161}