{"Seed": 12, "Prop. class 1": 0.5, "Sel. bias": 0, "Method": "Label_Propagation", "Test set": "future", "pr": 0.5398479913137894, "AUPRC": 0.8295945056975157, "p.50": 1.0, "p.100": 0.98, "Bias effect": 2.1097814313234915}