{"Seed": 14, "Prop. class 1": 0.5, "Sel. bias": 0, "Method": "Semi-supervised", "Test set": "future", "pr": 0.8357870894677236, "AUPRC": 0.7617946215300945, "p.50": 0.94, "p.100": 0.96, "Bias effect": 1.6713151169026372}