{"Seed": 23, "Prop. class 1": 0.05, "Sel. bias": 0.5, "Method": "Self_Learning", "Test set": "future", "pr": 0.3596938775510204, "AUPRC": 0.28211392245332967, "p.50": 0.44, "p.100": 0.4, "Bias effect": 1.0042043641149696}