{"Seed": 22, "Prop. class 1": 0.05, "Sel. bias": 0.95, "Method": "traditional", "Test set": "future", "pr": 0.06728285986135653, "AUPRC": 0.3171816278923129, "p.50": 0.62, "p.100": 0.55, "Bias effect": 0.8915423459688303}