{"Seed": 7, "Prop. class 1": 0.05, "Sel. bias": 0, "Method": "Semi-supervised", "Test set": "future", "pr": 0.0, "AUPRC": 0.1406917269657053, "p.50": 0.34, "p.100": 0.24, "Bias effect": 1.0199216389362817}