{"Seed": 19, "Prop. class 1": 0.5, "Sel. bias": 0.5, "Method": "Semi-supervised", "Test set": "future", "pr": 0.8088642659279779, "AUPRC": 0.644797760897415, "p.50": 0.84, "p.100": 0.85, "Bias effect": 2.085077364761507}