{"Seed": 17, "Prop. class 1": 0.5, "Sel. bias": 0.95, "Method": "Veenman", "Test set": "future", "pr": 0.8083228247162674, "AUPRC": 0.6749415674260498, "p.50": 1.0, "p.100": 0.96, "Bias effect": 1.8962737784356531}