{"Seed": 20, "Prop. class 1": 0.5, "Sel. bias": 0, "Method": "Self_Learning", "Test set": "future", "pr": 0.742631797426318, "AUPRC": 0.8146954627602089, "p.50": 1.0, "p.100": 0.99, "Bias effect": 1.79517153940683}