{"Seed": 30, "Prop. class 1": 0.05, "Sel. bias": 0, "Method": "Self_Learning", "Test set": "future", "pr": 0.7, "AUPRC": 0.2457544062934759, "p.50": 0.46, "p.100": 0.35, "Bias effect": 1.1075210611002462}