{"Seed": 7, "Prop. class 1": 0.05, "Sel. bias": 0.5, "Method": "Self_Learning", "Test set": "future", "pr": 0.4132231404958678, "AUPRC": 0.2758953747855508, "p.50": 0.52, "p.100": 0.42, "Bias effect": 1.0215298290735613}