{"Seed": 43, "Prop. class 1": 0.05, "Sel. bias": 0, "Method": "traditional", "Test set": "future", "pr": 0.7, "AUPRC": 0.24344315558243465, "p.50": 0.5, "p.100": 0.43, "Bias effect": 0.861502121985577}