{"Seed": 36, "Prop. class 1": 0.5, "Sel. bias": 0.95, "Method": "Veenman", "Test set": "future", "pr": 0.8096885813148789, "AUPRC": 0.661154109753028, "p.50": 1.0, "p.100": 0.92, "Bias effect": 2.0408701587872957}