{"Seed": 39, "Prop. class 1": 0.05, "Sel. bias": 0, "Method": "Veenman", "Test set": "future", "pr": 1.0, "AUPRC": 0.2885306910942166, "p.50": 0.58, "p.100": 0.56, "Bias effect": 1.0898168544835654}