{"Seed": 29, "Prop. class 1": 0.5, "Sel. bias": 0.5, "Method": "traditional", "Test set": "future", "pr": 0.7142116182572614, "AUPRC": 0.7199261487805046, "p.50": 0.94, "p.100": 0.93, "Bias effect": 1.397710486765337}