{"Seed": 3, "Prop. class 1": 0.05, "Sel. bias": 0, "Method": "Veenman", "Test set": "future", "pr": 0.0, "AUPRC": 0.16425212331403316, "p.50": 0.3, "p.100": 0.3, "Bias effect": 0.968897071281483}