{"Seed": 23, "Prop. class 1": 0.5, "Sel. bias": 0, "Method": "Label_spreading", "Test set": "future", "pr": 0.7410950539385305, "AUPRC": 0.8102088831762109, "p.50": 0.98, "p.100": 0.99, "Bias effect": 1.7031723494582651}