{"Seed": 12, "Prop. class 1": 0.5, "Sel. bias": 0, "Method": "Semi-supervised", "Test set": "future", "pr": 0.9012987012987013, "AUPRC": 0.7546358092696306, "p.50": 0.88, "p.100": 0.92, "Bias effect": 1.2107319875977423}