{"Seed": 35, "Prop. class 1": 0.05, "Sel. bias": 0, "Method": "Label_spreading", "Test set": "future", "pr": 0.0, "AUPRC": 0.281530022108042, "p.50": 0.5, "p.100": 0.42, "Bias effect": 1.5895610324638791}