{"Seed": 40, "Prop. class 1": 0.05, "Sel. bias": 0, "Method": "Label_spreading", "Test set": "future", "pr": 0.0, "AUPRC": 0.31064237787946875, "p.50": 0.56, "p.100": 0.55, "Bias effect": 1.5338544097846587}