{"Seed": 43, "Prop. class 1": 0.5, "Sel. bias": 0.5, "Method": "traditional", "Test set": "future", "pr": 0.7574750830564784, "AUPRC": 0.7448927581542832, "p.50": 0.98, "p.100": 0.96, "Bias effect": 1.854639583145084}