{"Seed": 4, "Prop. class 1": 0.05, "Sel. bias": 0.95, "Method": "Label_Propagation", "Test set": "future", "pr": 0.0499, "AUPRC": 0.3849183736781267, "p.50": 0.68, "p.100": 0.64, "Bias effect": 1.259845418211364}