{"Seed": 4, "Prop. class 1": 0.5, "Sel. bias": 0, "Method": "traditional", "Test set": "future", "pr": 0.7426999576809141, "AUPRC": 0.8067672791307846, "p.50": 1.0, "p.100": 0.99, "Bias effect": 1.9191755900711642}