{"Seed": 24, "Prop. class 1": 0.05, "Sel. bias": 0.95, "Method": "Label_Propagation", "Test set": "future", "pr": 0.05, "AUPRC": 0.40859333923464664, "p.50": 0.7, "p.100": 0.67, "Bias effect": 1.215542573621715}