{"Seed": 23, "Prop. class 1": 0.5, "Sel. bias": 0, "Method": "traditional", "Test set": "future", "pr": 0.7361111111111112, "AUPRC": 0.8214032713573866, "p.50": 1.0, "p.100": 1.0, "Bias effect": 1.6565659289293062}