{"Seed": 9, "Prop. class 1": 0.5, "Sel. bias": 0, "Method": "Semi-supervised", "Test set": "future", "pr": 0.9130434782608695, "AUPRC": 0.7460247910603278, "p.50": 0.94, "p.100": 0.94, "Bias effect": 1.2780484009119653}