{"Seed": 15, "Prop. class 1": 0.5, "Sel. bias": 0.5, "Method": "Label_spreading", "Test set": "future", "pr": 0.8942617666021921, "AUPRC": 0.8011821694275054, "p.50": 0.94, "p.100": 0.96, "Bias effect": 1.7178842886091876}