{"Seed": 6, "Prop. class 1": 0.5, "Sel. bias": 0.95, "Method": "Veenman", "Test set": "future", "pr": 0.8239845261121856, "AUPRC": 0.6248097529014743, "p.50": 0.9, "p.100": 0.87, "Bias effect": 1.798129409408361}