{"Seed": 38, "Prop. class 1": 0.05, "Sel. bias": 0, "Method": "Self_Learning", "Test set": "future", "pr": 0.5526315789473685, "AUPRC": 0.2973844358592674, "p.50": 0.56, "p.100": 0.46, "Bias effect": 0.9630968403496929}