{"Seed": 12, "Prop. class 1": 0.05, "Sel. bias": 0.95, "Method": "Veenman", "Test set": "future", "pr": 0.6666666666666666, "AUPRC": 0.38523021328953044, "p.50": 0.68, "p.100": 0.62, "Bias effect": 0.9496854289572993}