{"Seed": 5, "Prop. class 1": 0.05, "Sel. bias": 0.95, "Method": "Semi-supervised", "Test set": "future", "pr": 0.373134328358209, "AUPRC": 0.2781305817052116, "p.50": 0.54, "p.100": 0.42, "Bias effect": 0.8804627183768774}