{"Seed": 3, "Prop. class 1": 0.05, "Sel. bias": 0, "Method": "Self_Learning", "Test set": "future", "pr": 0.2112676056338028, "AUPRC": 0.1989789602274494, "p.50": 0.44, "p.100": 0.37, "Bias effect": 1.0287316394151398}