{"Seed": 15, "Prop. class 1": 0.5, "Sel. bias": 0, "Method": "Self_Learning", "Test set": "future", "pr": 0.7411482296459292, "AUPRC": 0.8241413642501572, "p.50": 1.0, "p.100": 1.0, "Bias effect": 1.766208348865089}