{"Seed": 43, "Prop. class 1": 0.05, "Sel. bias": 0, "Method": "Label_spreading", "Test set": "future", "pr": 0.0, "AUPRC": 0.382759865984874, "p.50": 0.74, "p.100": 0.61, "Bias effect": 1.3872643844578525}