{"Seed": 6, "Prop. class 1": 0.5, "Sel. bias": 0.5, "Method": "traditional", "Test set": "future", "pr": 0.7793159609120521, "AUPRC": 0.7366968016017539, "p.50": 0.98, "p.100": 0.95, "Bias effect": 1.689352904588092}