{"Seed": 1, "Prop. class 1": 0.05, "Sel. bias": 0.5, "Method": "Semi-supervised", "Test set": "future", "pr": 1.0, "AUPRC": 0.3906143429391274, "p.50": 0.74, "p.100": 0.65, "Bias effect": 0.8349645030852386}