{"Seed": 29, "Prop. class 1": 0.05, "Sel. bias": 0, "Method": "Semi-supervised", "Test set": "future", "pr": 0.0, "AUPRC": 0.1772464866618589, "p.50": 0.3, "p.100": 0.37, "Bias effect": 1.1939459823071699}