{"Seed": 4, "Prop. class 1": 0.05, "Sel. bias": 0, "Method": "traditional", "Test set": "future", "pr": 0.6666666666666666, "AUPRC": 0.2221884047224571, "p.50": 0.54, "p.100": 0.4, "Bias effect": 1.3546538708703817}