{"Seed": 15, "Prop. class 1": 0.05, "Sel. bias": 0.95, "Method": "Veenman", "Test set": "future", "pr": 0.5988372093023255, "AUPRC": 0.4132879432639591, "p.50": 0.74, "p.100": 0.7, "Bias effect": 0.9048599524826012}