{"Seed": 19, "Prop. class 1": 0.05, "Sel. bias": 0, "Method": "Semi-supervised", "Test set": "future", "pr": 0.6666666666666666, "AUPRC": 0.30969759874010544, "p.50": 0.68, "p.100": 0.67, "Bias effect": 1.2004227097558964}