{"Seed": 6, "Prop. class 1": 0.05, "Sel. bias": 0.5, "Method": "Veenman", "Test set": "future", "pr": 0.43820224719101125, "AUPRC": 0.2516040621474946, "p.50": 0.52, "p.100": 0.46, "Bias effect": 1.157642950300796}