{"Seed": 17, "Prop. class 1": 0.05, "Sel. bias": 0.5, "Method": "Semi-supervised", "Test set": "future", "pr": 0.6140350877192983, "AUPRC": 0.3687380715097616, "p.50": 0.62, "p.100": 0.58, "Bias effect": 0.9642150914891937}