{"Seed": 9, "Prop. class 1": 0.5, "Sel. bias": 0, "Method": "Label_Propagation", "Test set": "future", "pr": 0.544539286495951, "AUPRC": 0.865321733519806, "p.50": 1.0, "p.100": 0.98, "Bias effect": 2.079235262106653}