{"Seed": 14, "Prop. class 1": 0.5, "Sel. bias": 0.95, "Method": "Label_spreading", "Test set": "future", "pr": 0.5, "AUPRC": 0.7583728162400848, "p.50": 1.0, "p.100": 1.0, "Bias effect": 2.318244317184908}