{"Seed": 5, "Prop. class 1": 0.05, "Sel. bias": 0.95, "Method": "traditional", "Test set": "future", "pr": 0.06066154033931405, "AUPRC": 0.21700623029483027, "p.50": 0.42, "p.100": 0.41, "Bias effect": 1.0346495830831857}