{"Seed": 36, "Prop. class 1": 0.05, "Sel. bias": 0.95, "Method": "Label_spreading", "Test set": "future", "pr": 0.0504, "AUPRC": 0.4235294538953091, "p.50": 0.8, "p.100": 0.67, "Bias effect": 1.262854288704287}