{"Seed": 27, "Prop. class 1": 0.5, "Sel. bias": 0.5, "Method": "Veenman", "Test set": "future", "pr": 0.8481675392670157, "AUPRC": 0.6281678354762643, "p.50": 0.94, "p.100": 0.9, "Bias effect": 2.10870533993055}