{"Seed": 38, "Prop. class 1": 0.05, "Sel. bias": 0.5, "Method": "Label_spreading", "Test set": "future", "pr": 0.30462863293864373, "AUPRC": 0.413748658145441, "p.50": 0.84, "p.100": 0.72, "Bias effect": 1.3689118024592535}