{"Seed": 32, "Prop. class 1": 0.05, "Sel. bias": 0.95, "Method": "Self_Learning", "Test set": "future", "pr": 0.06799020940984499, "AUPRC": 0.32313483635055623, "p.50": 0.7, "p.100": 0.55, "Bias effect": 0.8513035901230167}