{"Seed": 1, "Prop. class 1": 0.5, "Sel. bias": 0.95, "Method": "Self_Learning", "Test set": "future", "pr": 0.6549951028403526, "AUPRC": 0.693858139785138, "p.50": 0.88, "p.100": 0.88, "Bias effect": 1.6808596539534337}