{"Seed": 0, "Prop. class 1": 0.5, "Sel. bias": 0.95, "Method": "Label_Propagation", "Test set": "future", "pr": 0.4999, "AUPRC": 0.7017088128275327, "p.50": 0.88, "p.100": 0.88, "Bias effect": 2.3493191109416074}