{"Seed": 14, "Prop. class 1": 0.05, "Sel. bias": 0.95, "Method": "traditional", "Test set": "future", "pr": 0.07251066333284306, "AUPRC": 0.3294166570453007, "p.50": 0.62, "p.100": 0.52, "Bias effect": 0.9694833574960218}