{"Seed": 6, "Prop. class 1": 0.05, "Sel. bias": 0.95, "Method": "Self_Learning", "Test set": "future", "pr": 0.07082071253425645, "AUPRC": 0.2413002036553326, "p.50": 0.48, "p.100": 0.4, "Bias effect": 1.1123542123049492}