{"Seed": 17, "Prop. class 1": 0.5, "Sel. bias": 0, "Method": "traditional", "Test set": "future", "pr": 0.7162502421073019, "AUPRC": 0.8062784190622774, "p.50": 1.0, "p.100": 0.99, "Bias effect": 1.7295057786811858}