{"Seed": 24, "Prop. class 1": 0.5, "Sel. bias": 0.5, "Method": "Self_Learning", "Test set": "future", "pr": 0.7501480165778567, "AUPRC": 0.6891890602488188, "p.50": 0.96, "p.100": 0.93, "Bias effect": 2.108372099651542}