{"Seed": 34, "Prop. class 1": 0.5, "Sel. bias": 0.5, "Method": "traditional", "Test set": "future", "pr": 0.8130489335006273, "AUPRC": 0.7597143449824735, "p.50": 0.98, "p.100": 0.96, "Bias effect": 2.084964391956552}