{"Seed": 30, "Prop. class 1": 0.05, "Sel. bias": 0, "Method": "traditional", "Test set": "future", "pr": 0.30364372469635625, "AUPRC": 0.19132195484659004, "p.50": 0.42, "p.100": 0.35, "Bias effect": 1.2477410708370766}