{"Seed": 20, "Prop. class 1": 0.05, "Sel. bias": 0.5, "Method": "traditional", "Test set": "future", "pr": 0.1476655808903366, "AUPRC": 0.2611394379162777, "p.50": 0.4, "p.100": 0.44, "Bias effect": 0.805437918648047}