{"Seed": 12, "Prop. class 1": 0.5, "Sel. bias": 0.95, "Method": "traditional", "Test set": "future", "pr": 0.5284491167226617, "AUPRC": 0.7320350631963994, "p.50": 0.88, "p.100": 0.86, "Bias effect": 1.843431090622305}