{"Seed": 40, "Prop. class 1": 0.05, "Sel. bias": 0.5, "Method": "Self_Learning", "Test set": "future", "pr": 0.23752310536044363, "AUPRC": 0.23783444036499585, "p.50": 0.38, "p.100": 0.35, "Bias effect": 0.9038554214808353}