{"Seed": 23, "Prop. class 1": 0.05, "Sel. bias": 0, "Method": "traditional", "Test set": "future", "pr": 1.0, "AUPRC": 0.244578169329855, "p.50": 0.5, "p.100": 0.45, "Bias effect": 1.2308352905214355}