{"Seed": 21, "Prop. class 1": 0.5, "Sel. bias": 0, "Method": "traditional", "Test set": "future", "pr": 0.7202895636436758, "AUPRC": 0.7916823419233109, "p.50": 1.0, "p.100": 0.99, "Bias effect": 1.7375709508724166}