{"Seed": 15, "Prop. class 1": 0.5, "Sel. bias": 0.5, "Method": "traditional", "Test set": "future", "pr": 0.7818791946308725, "AUPRC": 0.7542898952935515, "p.50": 0.98, "p.100": 0.97, "Bias effect": 1.6751803095414999}