{"Seed": 27, "Prop. class 1": 0.5, "Sel. bias": 0.5, "Method": "Label_Propagation", "Test set": "future", "pr": 0.0, "AUPRC": 0.8403443018577701, "p.50": 1.0, "p.100": 1.0, "Bias effect": 1.9726721503431797}