{"Seed": 13, "Prop. class 1": 0.5, "Sel. bias": 0.95, "Method": "Label_spreading", "Test set": "future", "pr": 0.5, "AUPRC": 0.780637318006614, "p.50": 0.96, "p.100": 0.97, "Bias effect": 2.331040317949111}