{"Seed": 2, "Prop. class 1": 0.05, "Sel. bias": 0.5, "Method": "Label_Propagation", "Test set": "future", "pr": 0.05184103473453635, "AUPRC": 0.3214081238013526, "p.50": 0.68, "p.100": 0.56, "Bias effect": 1.184392422248759}