{"Seed": 16, "Prop. class 1": 0.5, "Sel. bias": 0, "Method": "traditional", "Test set": "future", "pr": 0.7214432989690721, "AUPRC": 0.7829777312165557, "p.50": 0.98, "p.100": 0.97, "Bias effect": 1.6350618619424204}