{"Seed": 41, "Prop. class 1": 0.5, "Sel. bias": 0.95, "Method": "traditional", "Test set": "future", "pr": 0.5606663351566384, "AUPRC": 0.7038519616953796, "p.50": 0.88, "p.100": 0.88, "Bias effect": 1.5839710403256615}