{"Seed": 26, "Prop. class 1": 0.5, "Sel. bias": 0, "Method": "Label_Propagation", "Test set": "future", "pr": 0.5097999183340138, "AUPRC": 0.7953673049199901, "p.50": 0.98, "p.100": 0.96, "Bias effect": 1.946433846202293}