{"Seed": 6, "Prop. class 1": 0.5, "Sel. bias": 0, "Method": "Label_Propagation", "Test set": "future", "pr": 0.8339260312944523, "AUPRC": 0.7987765341617887, "p.50": 0.96, "p.100": 0.94, "Bias effect": 1.9169359301031264}