{"Seed": 30, "Prop. class 1": 0.05, "Sel. bias": 0.5, "Method": "Self_Learning", "Test set": "future", "pr": 0.4806201550387597, "AUPRC": 0.2960834073141292, "p.50": 0.58, "p.100": 0.51, "Bias effect": 0.9889920907723388}