{"Seed": 21, "Prop. class 1": 0.05, "Sel. bias": 0.5, "Method": "Label_spreading", "Test set": "future", "pr": 0.058134083450539144, "AUPRC": 0.3491975166738095, "p.50": 0.66, "p.100": 0.6, "Bias effect": 1.525839199519524}