{"Seed": 19, "Prop. class 1": 0.05, "Sel. bias": 0.5, "Method": "Label_spreading", "Test set": "future", "pr": 0.07037196610656327, "AUPRC": 0.34142186892455867, "p.50": 0.64, "p.100": 0.65, "Bias effect": 1.4746039514752618}