{"Seed": 35, "Prop. class 1": 0.5, "Sel. bias": 0, "Method": "Self_Learning", "Test set": "future", "pr": 0.7074122236671001, "AUPRC": 0.7967694545634245, "p.50": 1.0, "p.100": 0.99, "Bias effect": 1.6483557932338357}