{"Seed": 6, "Prop. class 1": 0.05, "Sel. bias": 0.95, "Method": "Label_spreading", "Test set": "future", "pr": 0.05, "AUPRC": 0.32703651318896426, "p.50": 0.62, "p.100": 0.6, "Bias effect": 1.470134514628895}