{"Seed": 9, "Prop. class 1": 0.05, "Sel. bias": 0, "Method": "traditional", "Test set": "future", "pr": 0.5185185185185185, "AUPRC": 0.2743144444658195, "p.50": 0.54, "p.100": 0.48, "Bias effect": 0.8461252514796992}