{"Seed": 34, "Prop. class 1": 0.05, "Sel. bias": 0.95, "Method": "traditional", "Test set": "future", "pr": 0.06733735747820255, "AUPRC": 0.3080682110657524, "p.50": 0.5, "p.100": 0.44, "Bias effect": 0.7544830882428486}