{"Seed": 35, "Prop. class 1": 0.05, "Sel. bias": 0.95, "Method": "traditional", "Test set": "future", "pr": 0.0716365754222481, "AUPRC": 0.2852305359988416, "p.50": 0.48, "p.100": 0.44, "Bias effect": 0.992419294526916}