{"Seed": 21, "Prop. class 1": 0.05, "Sel. bias": 0.5, "Method": "Self_Learning", "Test set": "future", "pr": 0.13799621928166353, "AUPRC": 0.20489526347328224, "p.50": 0.52, "p.100": 0.41, "Bias effect": 1.1873012197005157}