{"Seed": 20, "Prop. class 1": 0.05, "Sel. bias": 0.95, "Method": "Self_Learning", "Test set": "future", "pr": 0.08258740077689579, "AUPRC": 0.3074843177862291, "p.50": 0.58, "p.100": 0.51, "Bias effect": 1.0296456622839445}