{"Seed": 26, "Prop. class 1": 0.5, "Sel. bias": 0, "Method": "Veenman", "Test set": "future", "pr": 0.8514285714285714, "AUPRC": 0.736797291498467, "p.50": 0.86, "p.100": 0.91, "Bias effect": 1.281749835278374}