{"Seed": 5, "Prop. class 1": 0.05, "Sel. bias": 0.5, "Method": "Self_Learning", "Test set": "future", "pr": 0.11213389121338913, "AUPRC": 0.20747110602779256, "p.50": 0.5, "p.100": 0.35, "Bias effect": 1.1840956347928646}