{"Seed": 26, "Prop. class 1": 0.05, "Sel. bias": 0.5, "Method": "traditional", "Test set": "future", "pr": 0.11482014388489209, "AUPRC": 0.22045546772153948, "p.50": 0.5, "p.100": 0.42, "Bias effect": 1.0307310514903245}