{"Seed": 1, "Prop. class 1": 0.05, "Sel. bias": 0.95, "Method": "Label_spreading", "Test set": "future", "pr": 0.0501, "AUPRC": 0.4349661464779667, "p.50": 0.74, "p.100": 0.67, "Bias effect": 1.3175471361988396}