{"Seed": 24, "Prop. class 1": 0.05, "Sel. bias": 0, "Method": "Label_Propagation", "Test set": "future", "pr": 0.0, "AUPRC": 0.3031425927258798, "p.50": 0.68, "p.100": 0.59, "Bias effect": 1.4922167080693045}