{"Seed": 22, "Prop. class 1": 0.5, "Sel. bias": 0.95, "Method": "Label_Propagation", "Test set": "future", "pr": 0.5003, "AUPRC": 0.7514704942375365, "p.50": 0.92, "p.100": 0.95, "Bias effect": 2.2044635496319844}