{"Seed": 5, "Prop. class 1": 0.5, "Sel. bias": 0, "Method": "traditional", "Test set": "future", "pr": 0.6982872200263505, "AUPRC": 0.7810482502781182, "p.50": 0.98, "p.100": 0.97, "Bias effect": 1.7223594784672356}