{"Seed": 35, "Prop. class 1": 0.5, "Sel. bias": 0.95, "Method": "Veenman", "Test set": "future", "pr": 0.8209718670076727, "AUPRC": 0.652032286878881, "p.50": 0.92, "p.100": 0.91, "Bias effect": 1.9216580115812927}