{"Seed": 23, "Prop. class 1": 0.5, "Sel. bias": 0.95, "Method": "Label_spreading", "Test set": "future", "pr": 0.5, "AUPRC": 0.7685316655614981, "p.50": 0.96, "p.100": 0.94, "Bias effect": 2.3224510935455447}