{"Seed": 19, "Prop. class 1": 0.05, "Sel. bias": 0.95, "Method": "Self_Learning", "Test set": "future", "pr": 0.07399202481169695, "AUPRC": 0.3246245671117035, "p.50": 0.62, "p.100": 0.55, "Bias effect": 0.8809511316692574}