{"Seed": 30, "Prop. class 1": 0.05, "Sel. bias": 0, "Method": "Semi-supervised", "Test set": "future", "pr": 0.32222222222222224, "AUPRC": 0.2421359818464806, "p.50": 0.54, "p.100": 0.45, "Bias effect": 1.1807929230687846}