{"Seed": 39, "Prop. class 1": 0.05, "Sel. bias": 0.95, "Method": "traditional", "Test set": "future", "pr": 0.07634292750500231, "AUPRC": 0.3087934542678267, "p.50": 0.54, "p.100": 0.52, "Bias effect": 0.8561873210927081}