{"Seed": 26, "Prop. class 1": 0.5, "Sel. bias": 0.95, "Method": "Veenman", "Test set": "future", "pr": 0.8014440433212996, "AUPRC": 0.6637960651643035, "p.50": 0.9, "p.100": 0.94, "Bias effect": 1.9545190465639712}