{"Seed": 39, "Prop. class 1": 0.5, "Sel. bias": 0.95, "Method": "traditional", "Test set": "future", "pr": 0.6792329483547613, "AUPRC": 0.7148874829344575, "p.50": 0.94, "p.100": 0.94, "Bias effect": 1.878527239265147}