{"Seed": 13, "Prop. class 1": 0.05, "Sel. bias": 0, "Method": "traditional", "Test set": "future", "pr": 0.35714285714285715, "AUPRC": 0.19363986715221054, "p.50": 0.42, "p.100": 0.4, "Bias effect": 1.2608998362480077}