{"Seed": 17, "Prop. class 1": 0.05, "Sel. bias": 0.95, "Method": "traditional", "Test set": "future", "pr": 0.06397952655150352, "AUPRC": 0.35306959057473924, "p.50": 0.68, "p.100": 0.64, "Bias effect": 0.9944645521484673}