{"Seed": 26, "Prop. class 1": 0.5, "Sel. bias": 0, "Method": "traditional", "Test set": "future", "pr": 0.721245199110572, "AUPRC": 0.7872328299095877, "p.50": 0.98, "p.100": 0.94, "Bias effect": 1.6027122178212803}