{"Seed": 40, "Prop. class 1": 0.05, "Sel. bias": 0, "Method": "Semi-supervised", "Test set": "future", "pr": 0.43902439024390244, "AUPRC": 0.20208023220488278, "p.50": 0.44, "p.100": 0.39, "Bias effect": 1.3511617431258085}