{"Seed": 29, "Prop. class 1": 0.5, "Sel. bias": 0, "Method": "Semi-supervised", "Test set": "future", "pr": 0.9292035398230089, "AUPRC": 0.7751240923065205, "p.50": 0.96, "p.100": 0.97, "Bias effect": 1.555164659304905}