{"Seed": 31, "Prop. class 1": 0.5, "Sel. bias": 0.5, "Method": "Semi-supervised", "Test set": "future", "pr": 0.8197969543147208, "AUPRC": 0.6518913618856357, "p.50": 0.98, "p.100": 0.93, "Bias effect": 2.072871275870163}