{"Seed": 19, "Prop. class 1": 0.5, "Sel. bias": 0.95, "Method": "Label_spreading", "Test set": "future", "pr": 0.4995, "AUPRC": 0.7426498782529499, "p.50": 1.0, "p.100": 0.97, "Bias effect": 2.3087689508286777}