{"Seed": 29, "Prop. class 1": 0.05, "Sel. bias": 0.95, "Method": "Label_spreading", "Test set": "future", "pr": 0.05, "AUPRC": 0.42243457626440584, "p.50": 0.68, "p.100": 0.67, "Bias effect": 1.2935973424380278}