{"Seed": 27, "Prop. class 1": 0.05, "Sel. bias": 0.95, "Method": "Semi-supervised", "Test set": "future", "pr": 0.6417910447761194, "AUPRC": 0.37665633498507295, "p.50": 0.6, "p.100": 0.64, "Bias effect": 0.9003281796925242}