{"Seed": 38, "Prop. class 1": 0.05, "Sel. bias": 0.95, "Method": "traditional", "Test set": "future", "pr": 0.07586206896551724, "AUPRC": 0.32142673712305897, "p.50": 0.64, "p.100": 0.58, "Bias effect": 1.127577760090478}