{"Seed": 17, "Prop. class 1": 0.5, "Sel. bias": 0, "Method": "Label_spreading", "Test set": "future", "pr": 0.7733193277310925, "AUPRC": 0.8473331481903967, "p.50": 1.0, "p.100": 1.0, "Bias effect": 2.143581285361845}