{"Seed": 1, "Prop. class 1": 0.5, "Sel. bias": 0.5, "Method": "Label_Propagation", "Test set": "future", "pr": 0.0, "AUPRC": 0.8331126298102032, "p.50": 1.0, "p.100": 0.96, "Bias effect": 2.223778953930873}