{"Seed": 13, "Prop. class 1": 0.05, "Sel. bias": 0.5, "Method": "Label_spreading", "Test set": "future", "pr": 0.08888011060635986, "AUPRC": 0.27119303049423316, "p.50": 0.58, "p.100": 0.51, "Bias effect": 1.1998548429852771}