{"Seed": 3, "Prop. class 1": 0.05, "Sel. bias": 0.95, "Method": "traditional", "Test set": "future", "pr": 0.07875138646807162, "AUPRC": 0.36714390863984875, "p.50": 0.7, "p.100": 0.58, "Bias effect": 0.9314013770663867}