{"Seed": 16, "Prop. class 1": 0.5, "Sel. bias": 0.5, "Method": "Veenman", "Test set": "future", "pr": 0.8189415041782729, "AUPRC": 0.6441689028240749, "p.50": 0.92, "p.100": 0.86, "Bias effect": 2.1806854313425386}