{"Seed": 40, "Prop. class 1": 0.05, "Sel. bias": 0, "Method": "Label_Propagation", "Test set": "future", "pr": 0.0, "AUPRC": 0.29562078076903237, "p.50": 0.56, "p.100": 0.53, "Bias effect": 1.4898010530653105}