{"Seed": 38, "Prop. class 1": 0.5, "Sel. bias": 0.95, "Method": "Semi-supervised", "Test set": "future", "pr": 0.7598204264870931, "AUPRC": 0.6208056227921424, "p.50": 0.86, "p.100": 0.81, "Bias effect": 2.0667278540685623}