{"Seed": 31, "Prop. class 1": 0.5, "Sel. bias": 0, "Method": "Semi-supervised", "Test set": "future", "pr": 0.9090909090909091, "AUPRC": 0.7220595363555473, "p.50": 0.98, "p.100": 0.96, "Bias effect": 1.1358319584839143}