{"Seed": 24, "Prop. class 1": 0.5, "Sel. bias": 0.95, "Method": "Label_Propagation", "Test set": "future", "pr": 0.5001, "AUPRC": 0.737763379396137, "p.50": 0.92, "p.100": 0.9, "Bias effect": 2.2795774235845916}