{"Seed": 2, "Prop. class 1": 0.05, "Sel. bias": 0.95, "Method": "Self_Learning", "Test set": "future", "pr": 0.07587488386497368, "AUPRC": 0.31466881104264804, "p.50": 0.68, "p.100": 0.53, "Bias effect": 1.005113444077087}