{"Seed": 44, "Prop. class 1": 0.5, "Sel. bias": 0.5, "Method": "Veenman", "Test set": "future", "pr": 0.8040712468193384, "AUPRC": 0.6509134211996572, "p.50": 0.84, "p.100": 0.85, "Bias effect": 2.1684095127928926}